1,3,T,THR
2,4,T,THR
3,5,N,ASN
4,6,T,THR
5,7,V,VAL
6,8,A,ALA
7,9,A,ALA
8,10,Y,TYR
9,11,N,ASN
10,12,L,LEU
11,13,T,THR
12,14,W,TRP
13,15,K,LYS
14,16,S,SER
15,17,T,THR
16,18,N,ASN
17,19,F,PHE
18,20,K,LYS
19,21,T,THR
20,22,I,ILE
21,23,L,LEU
22,24,E,GLU
23,25,W,TRP
24,26,E,GLU
25,27,P,PRO
26,28,K,LYS
27,29,P,PRO
28,30,V,VAL
29,31,N,ASN
30,32,Q,GLN
31,33,V,VAL
32,34,Y,TYR
33,35,T,THR
34,36,V,VAL
35,37,Q,GLN
36,38,I,ILE
37,39,S,SER
38,40,T,THR
39,41,K,LYS
40,42,S,SER
41,43,G,GLY
42,44,D,ASP
43,45,W,TRP
44,46,K,LYS
45,47,S,SER
46,48,K,LYS
47,49,C,CYS
48,50,F,PHE
49,51,Y,TYR
50,52,T,THR
51,53,T,THR
52,54,D,ASP
53,55,T,THR
54,56,E,GLU
55,57,C,CYS
56,58,D,ASP
57,59,L,LEU
58,60,T,THR
59,61,D,ASP
60,62,E,GLU
61,63,I,ILE
62,64,V,VAL
63,65,K,LYS
64,66,D,ASP
65,67,V,VAL
66,68,K,LYS
67,69,Q,GLN
68,70,T,THR
69,71,Y,TYR
70,72,L,LEU
71,73,A,ALA
72,74,R,ARG
73,75,V,VAL
74,76,F,PHE
75,77,S,SER
76,78,Y,TYR
77,79,P,PRO
78,80,A,ALA
79,81,G,GLY
80,82,N,ASN
81,83,V,VAL
82,84,E,GLU
83,85,S,SER
84,86,T,THR
85,87,G,GLY
86,88,S,SER
87,89,A,ALA
88,90,G,GLY
89,91,E,GLU
90,92,P,PRO
91,93,L,LEU
92,94,Y,TYR
93,95,E,GLU
94,96,N,ASN
95,97,S,SER
96,98,P,PRO
97,99,E,GLU
98,100,F,PHE
99,101,T,THR
100,102,P,PRO
101,103,Y,TYR
102,104,L,LEU
103,105,E,GLU
104,106,T,THR
105,107,N,ASN
106,108,L,LEU
107,109,G,GLY
108,110,Q,GLN
109,111,P,PRO
110,112,T,THR
111,113,I,ILE
112,114,Q,GLN
113,115,S,SER
114,116,F,PHE
115,117,E,GLU
116,118,Q,GLN
117,119,V,VAL
118,120,G,GLY
119,121,T,THR
120,122,K,LYS
121,123,V,VAL
122,124,N,ASN
123,125,V,VAL
124,126,T,THR
125,127,V,VAL
126,128,E,GLU
127,129,D,ASP
128,130,E,GLU
129,131,R,ARG
130,132,T,THR
131,133,L,LEU
132,134,V,VAL
133,135,R,ARG
134,136,R,ARG
135,137,N,ASN
136,138,N,ASN
137,139,T,THR
138,140,F,PHE
139,141,L,LEU
140,142,S,SER
141,143,L,LEU
142,144,R,ARG
143,145,D,ASP
144,146,V,VAL
145,147,F,PHE
146,148,G,GLY
147,149,K,LYS
148,150,D,ASP
149,151,L,LEU
150,152,I,ILE
151,153,Y,TYR
152,154,T,THR
153,155,L,LEU
154,156,Y,TYR
155,157,Y,TYR
156,158,W,TRP
157,159,K,LYS
158,160,S,SER
159,161,S,SER
160,162,S,SER
161,163,S,SER
162,164,G,GLY
163,165,K,LYS
164,166,K,LYS
165,167,T,THR
166,168,A,ALA
167,169,K,LYS
168,170,T,THR
169,171,N,ASN
170,172,T,THR
171,173,N,ASN
172,174,E,GLU
173,175,F,PHE
174,176,L,LEU
175,177,I,ILE
176,178,D,ASP
177,179,V,VAL
178,180,D,ASP
179,181,K,LYS
180,182,G,GLY
181,183,E,GLU
182,184,N,ASN
183,185,Y,TYR
184,186,C,CYS
185,187,F,PHE
186,188,S,SER
187,189,V,VAL
188,190,Q,GLN
189,191,A,ALA
190,192,V,VAL
191,193,I,ILE
192,194,P,PRO
193,195,S,SER
194,196,R,ARG
195,197,T,THR
196,198,V,VAL
197,199,N,ASN
198,200,R,ARG
199,201,K,LYS
200,202,S,SER
201,203,T,THR
202,204,D,ASP
203,205,S,SER
204,206,P,PRO
205,207,V,VAL
206,208,E,GLU
207,209,C,CYS
208,210,M,MET
209,211,G,GLY
210,212,Q,GLN
211,213,E,GLU
