1,14,P,PRO
2,15,H,HIS
3,16,R,ARG
4,17,Q,GLN
5,18,P,PRO
6,19,L,LEU
7,20,T,THR
8,21,S,SER
9,22,S,SER
10,23,E,GLU
11,24,R,ARG
12,25,I,ILE
13,26,D,ASP
14,27,K,LYS
15,28,Q,GLN
16,29,I,ILE
17,30,R,ARG
18,31,Y,TYR
19,32,I,ILE
20,33,L,LEU
21,34,D,ASP
22,35,G,GLY
23,36,I,ILE
24,37,S,SER
25,38,A,ALA
26,39,L,LEU
27,40,R,ARG
28,41,K,LYS
29,42,E,GLU
30,43,T,THR
31,44,C,CYS
32,45,N,ASN
33,46,K,LYS
34,47,S,SER
35,48,N,ASN
36,49,M,MET
37,50,C,CYS
38,51,E,GLU
39,52,S,SER
40,53,S,SER
41,54,K,LYS
42,55,E,GLU
43,56,A,ALA
44,57,L,LEU
45,58,A,ALA
46,59,E,GLU
47,60,N,ASN
48,61,N,ASN
49,62,L,LEU
50,63,N,ASN
51,64,L,LEU
52,65,P,PRO
53,66,K,LYS
54,67,M,MET
55,68,A,ALA
56,69,E,GLU
57,70,K,LYS
58,71,D,ASP
59,72,G,GLY
60,73,C,CYS
61,74,F,PHE
62,75,Q,GLN
63,76,S,SER
64,77,G,GLY
65,78,F,PHE
66,79,N,ASN
67,80,E,GLU
68,81,E,GLU
69,82,T,THR
70,83,C,CYS
71,84,L,LEU
72,85,V,VAL
73,86,K,LYS
74,87,I,ILE
75,88,I,ILE
76,89,T,THR
77,90,G,GLY
78,91,L,LEU
79,92,L,LEU
80,93,E,GLU
81,94,F,PHE
82,95,E,GLU
83,96,V,VAL
84,97,Y,TYR
85,98,L,LEU
86,99,E,GLU
87,100,Y,TYR
88,101,L,LEU
89,102,Q,GLN
90,103,N,ASN
91,104,R,ARG
92,105,F,PHE
93,106,E,GLU
94,107,S,SER
95,108,S,SER
96,109,E,GLU
97,110,E,GLU
98,111,Q,GLN
99,112,A,ALA
100,113,R,ARG
101,114,A,ALA
102,115,V,VAL
103,116,Q,GLN
104,117,M,MET
105,118,S,SER
106,119,T,THR
107,120,K,LYS
108,121,V,VAL
109,122,L,LEU
110,123,I,ILE
111,124,Q,GLN
112,125,F,PHE
113,126,L,LEU
114,127,Q,GLN
115,128,K,LYS
116,129,K,LYS
117,130,A,ALA
118,131,K,LYS
119,132,N,ASN
120,133,L,LEU
121,134,D,ASP
122,135,A,ALA
123,136,I,ILE
124,137,T,THR
125,138,T,THR
126,139,P,PRO
127,140,D,ASP
128,141,P,PRO
129,142,T,THR
130,143,T,THR
131,144,N,ASN
132,145,A,ALA
133,146,S,SER
134,147,L,LEU
135,148,L,LEU
136,149,T,THR
137,150,K,LYS
138,151,L,LEU
139,152,Q,GLN
140,153,A,ALA
141,154,Q,GLN
142,155,N,ASN
143,156,Q,GLN
144,157,W,TRP
145,158,L,LEU
146,159,Q,GLN
147,160,D,ASP
148,161,M,MET
149,162,T,THR
150,163,T,THR
151,164,H,HIS
152,165,L,LEU
153,166,I,ILE
154,167,L,LEU
155,168,R,ARG
156,169,S,SER
157,170,F,PHE
158,171,K,LYS
159,172,E,GLU
160,173,F,PHE
161,174,L,LEU
162,175,Q,GLN
163,176,S,SER
164,177,S,SER
165,178,L,LEU
166,179,R,ARG
167,180,A,ALA
168,181,L,LEU
169,182,R,ARG
170,183,Q,GLN
171,184,M,MET
