1,1,M,MET
2,2,T,THR
3,3,E,GLU
4,4,Y,TYR
5,5,K,LYS
6,6,L,LEU
7,7,V,VAL
8,8,V,VAL
9,9,V,VAL
10,10,G,GLY
11,11,A,ALA
12,12,V,VAL
13,13,G,GLY
14,14,V,VAL
15,15,G,GLY
16,16,K,LYS
17,17,S,SER
18,18,A,ALA
19,19,L,LEU
20,20,T,THR
21,21,I,ILE
22,22,Q,GLN
23,23,L,LEU
24,24,I,ILE
25,25,Q,GLN
26,26,N,ASN
27,27,H,HIS
28,28,F,PHE
29,29,V,VAL
30,30,D,ASP
31,31,E,GLU
32,32,Y,TYR
33,33,D,ASP
34,34,P,PRO
35,35,T,THR
36,36,I,ILE
37,37,E,GLU
38,38,D,ASP
39,39,S,SER
40,40,Y,TYR
41,41,R,ARG
42,42,K,LYS
43,43,Q,GLN
44,44,V,VAL
45,45,V,VAL
46,46,I,ILE
47,47,D,ASP
48,48,G,GLY
49,49,E,GLU
50,50,T,THR
51,51,C,CYS
52,52,L,LEU
53,53,L,LEU
54,54,D,ASP
55,55,I,ILE
56,56,L,LEU
57,57,D,ASP
58,58,T,THR
59,59,A,ALA
60,60,G,GLY
61,61,Q,GLN
62,62,E,GLU
63,63,E,GLU
64,64,Y,TYR
65,65,S,SER
66,66,A,ALA
67,67,M,MET
68,68,R,ARG
69,69,D,ASP
70,70,Q,GLN
71,71,Y,TYR
72,72,M,MET
73,73,R,ARG
74,74,T,THR
75,75,G,GLY
76,76,E,GLU
77,77,G,GLY
78,78,F,PHE
79,79,L,LEU
80,80,C,CYS
81,81,V,VAL
82,82,F,PHE
83,83,A,ALA
84,84,I,ILE
85,85,N,ASN
86,86,N,ASN
87,87,T,THR
88,88,K,LYS
89,89,S,SER
90,90,F,PHE
91,91,E,GLU
92,92,D,ASP
93,93,I,ILE
94,94,H,HIS
95,95,Q,GLN
96,96,Y,TYR
97,97,R,ARG
98,98,E,GLU
99,99,Q,GLN
100,100,I,ILE
101,101,K,LYS
102,102,R,ARG
103,103,V,VAL
104,104,K,LYS
105,105,D,ASP
106,106,S,SER
107,107,D,ASP
108,108,D,ASP
109,109,V,VAL
110,110,P,PRO
111,111,M,MET
112,112,V,VAL
113,113,L,LEU
114,114,V,VAL
115,115,G,GLY
116,116,N,ASN
117,117,K,LYS
118,118,C,CYS
119,119,D,ASP
120,120,L,LEU
121,121,A,ALA
122,122,A,ALA
123,123,R,ARG
124,124,T,THR
125,125,V,VAL
126,126,E,GLU
127,127,S,SER
128,128,R,ARG
129,129,Q,GLN
130,130,A,ALA
131,131,Q,GLN
132,132,D,ASP
133,133,L,LEU
134,134,A,ALA
135,135,R,ARG
136,136,S,SER
137,137,Y,TYR
138,138,G,GLY
139,139,I,ILE
140,140,P,PRO
141,141,Y,TYR
142,142,I,ILE
143,143,E,GLU
144,144,T,THR
145,145,S,SER
146,146,A,ALA
147,147,K,LYS
148,148,T,THR
149,149,R,ARG
150,150,Q,GLN
151,151,G,GLY
152,152,V,VAL
153,153,E,GLU
154,154,D,ASP
155,155,A,ALA
156,156,F,PHE
157,157,Y,TYR
158,158,T,THR
159,159,L,LEU
160,160,V,VAL
161,161,R,ARG
162,162,E,GLU
163,163,I,ILE
164,164,R,ARG
165,165,Q,GLN
166,166,H,HIS
