1,49,E,GLU
2,50,P,PRO
3,51,L,LEU
4,52,Y,TYR
5,53,P,PRO
6,54,V,VAL
7,55,Q,GLN
8,56,V,VAL
9,57,S,SER
10,58,S,SER
11,59,A,ALA
12,60,D,ASP
13,61,A,ALA
14,62,R,ARG
15,63,L,LEU
16,64,M,MET
17,65,V,VAL
18,66,F,PHE
19,67,D,ASP
20,68,K,LYS
21,69,T,THR
22,70,E,GLU
23,71,G,GLY
24,72,T,THR
25,73,W,TRP
26,74,R,ARG
27,75,L,LEU
28,76,L,LEU
29,77,C,CYS
30,78,S,SER
31,79,S,SER
32,80,R,ARG
33,81,S,SER
34,82,N,ASN
35,83,A,ALA
36,84,R,ARG
37,85,V,VAL
38,86,A,ALA
39,87,G,GLY
40,88,L,LEU
41,89,S,SER
42,90,C,CYS
43,91,E,GLU
44,92,E,GLU
45,93,M,MET
46,94,G,GLY
47,95,F,PHE
48,96,L,LEU
49,97,R,ARG
50,98,A,ALA
51,99,L,LEU
52,100,T,THR
53,101,H,HIS
54,102,S,SER
55,103,E,GLU
56,104,L,LEU
57,105,D,ASP
58,106,V,VAL
59,107,R,ARG
60,108,T,THR
61,109,A,ALA
62,110,G,GLY
63,111,A,ALA
64,112,N,ASN
65,113,G,GLY
66,114,T,THR
67,115,S,SER
68,116,G,GLY
69,117,F,PHE
70,118,F,PHE
71,119,C,CYS
72,120,V,VAL
73,121,D,ASP
74,122,E,GLU
75,123,G,GLY
76,124,R,ARG
77,125,L,LEU
78,126,P,PRO
79,127,H,HIS
80,128,T,THR
81,129,Q,GLN
82,130,R,ARG
83,131,L,LEU
84,132,L,LEU
85,133,E,GLU
86,134,V,VAL
87,135,I,ILE
88,136,S,SER
89,137,V,VAL
90,138,C,CYS
91,139,D,ASP
92,140,C,CYS
93,141,P,PRO
94,142,R,ARG
95,143,G,GLY
96,144,R,ARG
97,145,F,PHE
98,146,L,LEU
99,147,A,ALA
100,148,A,ALA
101,149,I,ILE
102,150,C,CYS
103,151,Q,GLN
104,152,D,ASP
105,153,C,CYS
106,154,G,GLY
107,155,R,ARG
108,156,R,ARG
109,157,K,LYS
110,158,L,LEU
111,163,I,ILE
112,164,V,VAL
113,165,G,GLY
114,166,G,GLY
115,167,R,ARG
116,168,D,ASP
117,169,T,THR
118,170,S,SER
119,171,L,LEU
120,172,G,GLY
121,173,R,ARG
122,174,W,TRP
123,175,P,PRO
124,176,W,TRP
125,177,Q,GLN
126,178,V,VAL
127,179,S,SER
128,180,L,LEU
129,181,R,ARG
130,182,Y,TYR
131,183,D,ASP
132,184,G,GLY
133,185,A,ALA
134,186,H,HIS
135,187,L,LEU
136,188,C,CYS
137,189,G,GLY
138,190,G,GLY
139,191,S,SER
140,192,L,LEU
141,193,L,LEU
142,194,S,SER
143,195,G,GLY
144,196,D,ASP
145,197,W,TRP
146,198,V,VAL
147,199,L,LEU
148,200,T,THR
149,201,A,ALA
150,202,A,ALA
151,203,H,HIS
152,204,C,CYS
153,205,F,PHE
154,206,P,PRO
155,207,E,GLU
156,208,R,ARG
157,209,N,ASN
158,210,R,ARG
159,211,V,VAL
160,212,L,LEU
161,213,S,SER
162,214,R,ARG
163,215,W,TRP
164,216,R,ARG
165,217,V,VAL
166,218,F,PHE
167,219,A,ALA
168,220,G,GLY
169,221,A,ALA
170,222,V,VAL
171,223,A,ALA
172,224,Q,GLN
173,225,A,ALA
174,226,S,SER
175,229,G,GLY
176,230,L,LEU
177,231,Q,GLN
178,232,L,LEU
179,233,G,GLY
180,234,V,VAL
181,235,Q,GLN
182,236,A,ALA
183,237,V,VAL
184,238,V,VAL
185,239,Y,TYR
186,240,H,HIS
187,241,G,GLY
188,242,G,GLY
189,243,Y,TYR
190,244,L,LEU
191,245,P,PRO
192,246,F,PHE
193,247,R,ARG
194,249,P,PRO
195,250,N,ASN
196,251,S,SER
197,253,E,GLU
198,254,N,ASN
199,255,S,SER
200,256,N,ASN
201,257,D,ASP
202,258,I,ILE
203,259,A,ALA
204,260,L,LEU
205,261,V,VAL
206,262,H,HIS
207,263,L,LEU
208,264,S,SER
209,265,S,SER
210,266,P,PRO
211,267,L,LEU
212,268,P,PRO
213,269,L,LEU
214,270,T,THR
215,271,E,GLU
216,272,Y,TYR
217,273,I,ILE
218,274,Q,GLN
219,275,P,PRO
220,276,V,VAL
221,277,C,CYS
222,278,L,LEU
223,279,P,PRO
224,280,A,ALA
225,281,A,ALA
226,282,G,GLY
227,283,Q,GLN
228,284,A,ALA
229,285,L,LEU
230,286,V,VAL
231,287,D,ASP
232,288,G,GLY
233,289,K,LYS
234,290,I,ILE
235,291,C,CYS
236,292,T,THR
237,293,V,VAL
238,294,T,THR
239,295,G,GLY
240,296,W,TRP
241,297,G,GLY
242,298,N,ASN
243,299,T,THR
244,300,Q,GLN
245,301,Y,TYR
246,302,Y,TYR
247,303,G,GLY
248,304,Q,GLN
249,305,Q,GLN
250,306,A,ALA
251,307,G,GLY
252,308,V,VAL
253,309,L,LEU
254,310,Q,GLN
255,311,E,GLU
256,312,A,ALA
257,313,R,ARG
258,314,V,VAL
259,315,P,PRO
260,316,I,ILE
261,317,I,ILE
262,318,S,SER
263,319,N,ASN
264,320,D,ASP
265,321,V,VAL
266,322,C,CYS
267,323,N,ASN
268,324,G,GLY
269,325,A,ALA
270,326,D,ASP
271,327,F,PHE
272,328,Y,TYR
273,329,G,GLY
274,330,N,ASN
275,331,Q,GLN
276,332,I,ILE
277,333,K,LYS
278,334,P,PRO
279,335,K,LYS
280,336,M,MET
281,337,F,PHE
282,338,C,CYS
283,339,A,ALA
284,340,G,GLY
285,341,Y,TYR
286,342,P,PRO
287,343,E,GLU
288,344,G,GLY
289,345,G,GLY
290,346,I,ILE
291,347,D,ASP
292,348,A,ALA
293,349,C,CYS
294,350,Q,GLN
295,351,G,GLY
296,352,D,ASP
297,353,S,SER
298,354,G,GLY
299,355,G,GLY
300,356,P,PRO
301,357,F,PHE
302,358,V,VAL
303,359,C,CYS
304,360,E,GLU
305,361,D,ASP
306,362,S,SER
307,363,I,ILE
308,364,S,SER
309,365,R,ARG
310,366,T,THR
311,367,P,PRO
312,368,R,ARG
313,369,W,TRP
314,370,R,ARG
315,371,L,LEU
316,372,C,CYS
317,373,G,GLY
318,374,I,ILE
319,375,V,VAL
320,376,S,SER
321,377,W,TRP
322,378,G,GLY
323,379,T,THR
324,380,G,GLY
325,381,C,CYS
326,382,A,ALA
327,383,L,LEU
328,384,A,ALA
329,385,Q,GLN
330,386,K,LYS
331,387,P,PRO
332,388,G,GLY
333,389,V,VAL
334,390,Y,TYR
335,391,T,THR
336,392,K,LYS
337,393,V,VAL
338,394,S,SER
339,395,D,ASP
340,396,F,PHE
341,397,R,ARG
342,398,E,GLU
343,399,W,TRP
344,400,I,ILE
345,401,F,PHE
346,402,Q,GLN
347,403,A,ALA
348,404,I,ILE
349,405,K,LYS
350,406,T,THR
351,407,H,HIS
352,408,S,SER
353,409,E,GLU
354,410,A,ALA
355,411,S,SER
356,412,G,GLY
357,413,M,MET
358,414,V,VAL
359,415,T,THR
360,416,Q,GLN
361,417,L,LEU
