1,10,E,GLU
2,11,F,PHE
3,12,N,ASN
4,13,V,VAL
5,14,Y,TYR
6,15,W,TRP
7,16,N,ASN
8,17,V,VAL
9,18,P,PRO
10,19,T,THR
11,20,F,PHE
12,21,M,MET
13,22,C,CYS
14,23,H,HIS
15,24,K,LYS
16,25,Y,TYR
17,26,G,GLY
18,27,L,LEU
19,28,R,ARG
20,29,F,PHE
21,30,E,GLU
22,31,E,GLU
23,32,V,VAL
24,33,S,SER
25,34,E,GLU
26,35,K,LYS
27,36,Y,TYR
28,37,G,GLY
29,38,I,ILE
30,39,L,LEU
31,40,Q,GLN
32,41,N,ASN
33,42,W,TRP
34,43,M,MET
35,44,D,ASP
36,45,K,LYS
37,46,F,PHE
38,47,R,ARG
39,48,G,GLY
40,49,E,GLU
41,50,E,GLU
42,51,I,ILE
43,52,A,ALA
44,53,I,ILE
45,54,L,LEU
46,55,Y,TYR
47,56,D,ASP
48,57,P,PRO
49,58,G,GLY
50,59,M,MET
51,60,F,PHE
52,61,P,PRO
53,62,A,ALA
54,63,L,LEU
55,64,L,LEU
56,65,K,LYS
57,71,V,VAL
58,72,V,VAL
59,73,A,ALA
60,74,R,ARG
61,75,N,ASN
62,76,G,GLY
63,77,G,GLY
64,78,V,VAL
65,79,P,PRO
66,80,Q,GLN
67,81,L,LEU
68,82,G,GLY
69,83,N,ASN
70,84,L,LEU
71,85,T,THR
72,86,K,LYS
73,87,H,HIS
74,88,L,LEU
75,89,Q,GLN
76,90,V,VAL
77,91,F,PHE
78,92,R,ARG
79,93,D,ASP
80,94,H,HIS
81,95,L,LEU
82,96,I,ILE
83,97,N,ASN
84,98,Q,GLN
85,99,I,ILE
86,100,P,PRO
87,101,D,ASP
88,102,K,LYS
89,103,S,SER
90,104,F,PHE
91,105,P,PRO
92,106,G,GLY
93,107,V,VAL
94,108,G,GLY
95,109,V,VAL
96,110,I,ILE
97,111,D,ASP
98,112,F,PHE
99,113,E,GLU
100,114,S,SER
101,115,W,TRP
102,116,R,ARG
103,117,P,PRO
104,118,I,ILE
105,119,F,PHE
106,120,R,ARG
107,121,Q,GLN
108,122,N,ASN
109,123,W,TRP
110,124,A,ALA
111,125,S,SER
112,126,L,LEU
113,127,Q,GLN
114,128,P,PRO
115,129,Y,TYR
116,130,K,LYS
117,131,K,LYS
118,132,L,LEU
119,133,S,SER
120,134,V,VAL
121,135,E,GLU
122,136,V,VAL
123,137,V,VAL
124,138,R,ARG
125,139,R,ARG
126,140,E,GLU
127,141,H,HIS
128,142,P,PRO
129,143,F,PHE
130,144,W,TRP
131,145,D,ASP
132,146,D,ASP
133,147,Q,GLN
134,148,R,ARG
135,149,V,VAL
136,150,E,GLU
137,151,Q,GLN
138,152,E,GLU
139,153,A,ALA
140,154,K,LYS
141,155,R,ARG
142,156,R,ARG
143,157,F,PHE
144,158,E,GLU
145,159,K,LYS
146,160,Y,TYR
147,161,G,GLY
148,162,Q,GLN
149,163,L,LEU
150,164,F,PHE
151,165,M,MET
152,166,E,GLU
153,167,E,GLU
154,168,T,THR
155,169,L,LEU
156,170,K,LYS
157,171,A,ALA
158,172,A,ALA
159,173,K,LYS
160,174,R,ARG
161,175,M,MET
162,176,R,ARG
163,177,P,PRO
164,178,A,ALA
165,179,A,ALA
166,180,N,ASN
167,181,W,TRP
168,182,G,GLY
169,183,Y,TYR
170,184,Y,TYR
171,185,A,ALA
172,186,Y,TYR
173,187,P,PRO
174,188,Y,TYR
175,189,C,CYS
176,190,Y,TYR
177,191,N,ASN
178,192,L,LEU
179,193,T,THR
180,194,P,PRO
181,195,N,ASN
182,196,Q,GLN
183,197,P,PRO
184,198,S,SER
185,199,A,ALA
186,200,Q,GLN
187,201,C,CYS
188,202,E,GLU
189,203,A,ALA
190,204,T,THR
191,205,T,THR
192,206,M,MET
193,207,Q,GLN
194,208,E,GLU
195,209,N,ASN
196,210,D,ASP
197,211,K,LYS
198,212,M,MET
199,213,S,SER
200,214,W,TRP
201,215,L,LEU
202,216,F,PHE
203,217,E,GLU
204,218,S,SER
205,219,E,GLU
206,220,D,ASP
207,221,V,VAL
208,222,L,LEU
209,223,L,LEU
210,224,P,PRO
211,225,S,SER
212,226,V,VAL
213,227,Y,TYR
214,228,L,LEU
215,229,R,ARG
216,230,W,TRP
217,231,N,ASN
218,232,L,LEU
219,233,T,THR
220,234,S,SER
221,235,G,GLY
222,236,E,GLU
223,237,R,ARG
224,238,V,VAL
225,239,G,GLY
226,240,L,LEU
227,241,V,VAL
228,242,G,GLY
229,243,G,GLY
230,244,R,ARG
231,245,V,VAL
232,246,K,LYS
233,247,E,GLU
234,248,A,ALA
235,249,L,LEU
236,250,R,ARG
237,251,I,ILE
238,252,A,ALA
239,253,R,ARG
240,254,Q,GLN
241,255,M,MET
242,256,T,THR
243,257,T,THR
244,258,S,SER
245,259,R,ARG
246,260,K,LYS
247,261,K,LYS
248,262,V,VAL
249,263,L,LEU
250,264,P,PRO
251,265,Y,TYR
252,266,Y,TYR
253,267,W,TRP
254,268,Y,TYR
255,269,K,LYS
256,270,Y,TYR
257,271,Q,GLN
258,272,D,ASP
259,273,R,ARG
260,274,R,ARG
261,275,D,ASP
262,276,T,THR
263,277,D,ASP
264,278,L,LEU
265,279,S,SER
266,280,R,ARG
267,281,A,ALA
268,282,D,ASP
269,283,L,LEU
270,284,E,GLU
271,285,A,ALA
272,286,T,THR
273,287,L,LEU
274,288,R,ARG
275,289,K,LYS
276,290,I,ILE
277,291,T,THR
278,292,D,ASP
279,293,L,LEU
280,294,G,GLY
281,295,A,ALA
282,296,D,ASP
283,297,G,GLY
284,298,F,PHE
285,299,I,ILE
286,300,I,ILE
287,301,W,TRP
288,302,G,GLY
289,303,S,SER
290,304,S,SER
291,305,D,ASP
292,306,D,ASP
293,307,I,ILE
294,308,N,ASN
295,309,T,THR
296,310,K,LYS
297,311,A,ALA
298,312,K,LYS
299,313,C,CYS
300,314,L,LEU
301,315,Q,GLN
302,316,F,PHE
303,317,R,ARG
304,318,E,GLU
305,319,Y,TYR
306,320,L,LEU
307,321,N,ASN
308,322,N,ASN
309,323,E,GLU
310,324,L,LEU
311,325,G,GLY
312,326,P,PRO
313,327,A,ALA
314,328,V,VAL
315,329,K,LYS
316,330,R,ARG
317,331,I,ILE
318,332,A,ALA
319,333,L,LEU
