1,2171,L,LEU
2,2172,N,ASN
3,2173,S,SER
4,2174,C,CYS
5,2175,S,SER
6,2176,M,MET
7,2177,P,PRO
8,2178,L,LEU
9,2179,G,GLY
10,2180,M,MET
11,2181,E,GLU
12,2182,S,SER
13,2183,K,LYS
14,2184,A,ALA
15,2185,I,ILE
16,2186,S,SER
17,2187,D,ASP
18,2188,A,ALA
19,2189,Q,GLN
20,2190,I,ILE
21,2191,T,THR
22,2192,A,ALA
23,2193,S,SER
24,2194,S,SER
25,2195,Y,TYR
26,2196,F,PHE
27,2197,T,THR
28,2198,N,ASN
29,2199,M,MET
30,2200,F,PHE
31,2201,A,ALA
32,2202,T,THR
33,2203,W,TRP
34,2204,S,SER
35,2205,P,PRO
36,2206,S,SER
37,2207,K,LYS
38,2208,A,ALA
39,2209,R,ARG
40,2210,L,LEU
41,2211,H,HIS
42,2212,L,LEU
43,2213,Q,GLN
44,2214,G,GLY
45,2215,R,ARG
46,2216,S,SER
47,2217,N,ASN
48,2218,A,ALA
49,2219,W,TRP
50,2220,R,ARG
51,2221,P,PRO
52,2222,Q,GLN
53,2223,V,VAL
54,2224,N,ASN
55,2225,N,ASN
56,2226,P,PRO
57,2227,K,LYS
58,2228,E,GLU
59,2229,W,TRP
60,2230,L,LEU
61,2231,Q,GLN
62,2232,V,VAL
63,2233,D,ASP
64,2234,F,PHE
65,2235,Q,GLN
66,2236,K,LYS
67,2237,T,THR
68,2238,M,MET
69,2239,K,LYS
70,2240,V,VAL
71,2241,T,THR
72,2242,G,GLY
73,2243,V,VAL
74,2244,T,THR
75,2245,T,THR
76,2246,Q,GLN
77,2247,G,GLY
78,2248,V,VAL
79,2249,K,LYS
80,2250,S,SER
81,2251,L,LEU
82,2252,L,LEU
83,2253,T,THR
84,2254,S,SER
85,2255,M,MET
86,2256,Y,TYR
87,2257,V,VAL
88,2258,K,LYS
89,2259,E,GLU
90,2260,F,PHE
91,2261,L,LEU
92,2262,I,ILE
93,2263,S,SER
94,2264,S,SER
95,2265,S,SER
96,2266,Q,GLN
97,2267,D,ASP
98,2268,G,GLY
99,2269,H,HIS
100,2270,Q,GLN
101,2271,W,TRP
102,2272,T,THR
103,2273,L,LEU
104,2274,F,PHE
105,2275,F,PHE
106,2276,Q,GLN
107,2277,N,ASN
108,2278,G,GLY
109,2279,K,LYS
110,2280,V,VAL
111,2281,K,LYS
112,2282,V,VAL
113,2283,F,PHE
114,2284,Q,GLN
115,2285,G,GLY
116,2286,N,ASN
117,2287,Q,GLN
118,2288,D,ASP
119,2289,S,SER
120,2290,F,PHE
121,2291,T,THR
122,2292,P,PRO
123,2293,V,VAL
124,2294,V,VAL
125,2295,N,ASN
126,2296,C,CYS
127,2297,L,LEU
128,2298,D,ASP
129,2299,P,PRO
130,2300,P,PRO
131,2301,L,LEU
132,2302,L,LEU
133,2303,T,THR
134,2304,R,ARG
135,2305,Y,TYR
136,2306,L,LEU
137,2307,R,ARG
138,2308,I,ILE
139,2309,H,HIS
140,2310,P,PRO
141,2311,Q,GLN
142,2312,S,SER
143,2313,W,TRP
144,2314,V,VAL
145,2315,H,HIS
146,2316,Q,GLN
147,2317,I,ILE
148,2318,A,ALA
149,2319,L,LEU
150,2320,R,ARG
151,2321,M,MET
152,2322,E,GLU
153,2323,V,VAL
154,2324,L,LEU
155,2325,G,GLY
156,2326,C,CYS
157,2327,E,GLU
158,2328,A,ALA
159,2329,Q,GLN
