1,4,T,THR
2,5,K,LYS
3,6,K,LYS
4,7,L,LEU
5,8,H,HIS
6,9,K,LYS
7,10,E,GLU
8,11,P,PRO
9,12,A,ALA
10,13,T,THR
11,14,L,LEU
12,15,I,ILE
13,16,K,LYS
14,17,A,ALA
15,18,I,ILE
16,19,D,ASP
17,20,G,GLY
18,21,D,ASP
19,22,T,THR
20,23,V,VAL
21,24,K,LYS
22,25,L,LEU
23,26,M,MET
24,27,Y,TYR
25,28,K,LYS
26,29,G,GLY
27,30,Q,GLN
28,31,P,PRO
29,32,M,MET
30,33,T,THR
31,34,F,PHE
32,35,R,ARG
33,36,L,LEU
34,37,L,LEU
35,38,L,LEU
36,39,V,VAL
37,40,D,ASP
38,41,T,THR
39,42,P,PRO
40,43,E,GLU
41,44,T,THR
42,45,K,LYS
43,46,H,HIS
44,47,P,PRO
45,48,K,LYS
46,49,K,LYS
47,50,G,GLY
48,51,V,VAL
49,52,E,GLU
50,53,K,LYS
51,54,Y,TYR
52,55,G,GLY
53,56,P,PRO
54,57,E,GLU
55,58,A,ALA
56,59,S,SER
57,60,A,ALA
58,61,F,PHE
59,62,T,THR
60,63,K,LYS
61,64,K,LYS
62,65,M,MET
63,66,V,VAL
64,67,E,GLU
65,68,N,ASN
66,69,A,ALA
67,70,K,LYS
68,71,K,LYS
69,72,I,ILE
70,73,E,GLU
71,74,V,VAL
72,75,E,GLU
73,76,F,PHE
74,77,D,ASP
75,78,K,LYS
76,79,G,GLY
77,80,Q,GLN
78,81,R,ARG
79,82,T,THR
80,83,D,ASP
81,84,K,LYS
82,85,Y,TYR
83,86,G,GLY
84,87,R,ARG
85,88,G,GLY
86,89,L,LEU
87,90,A,ALA
88,91,Y,TYR
89,92,I,ILE
90,93,Y,TYR
91,94,A,ALA
92,95,D,ASP
93,96,G,GLY
94,97,K,LYS
95,98,M,MET
96,99,V,VAL
97,100,N,ASN
98,101,E,GLU
99,102,A,ALA
100,103,L,LEU
101,104,V,VAL
102,105,R,ARG
103,106,Q,GLN
104,107,G,GLY
105,108,L,LEU
106,109,A,ALA
107,110,K,LYS
108,111,V,VAL
109,112,A,ALA
110,113,Y,TYR
111,114,V,VAL
112,115,Y,TYR
113,116,K,LYS
114,117,P,PRO
115,118,N,ASN
116,119,N,ASN
117,120,T,THR
118,121,H,HIS
119,122,E,GLU
120,123,Q,GLN
121,124,H,HIS
122,125,L,LEU
123,126,R,ARG
124,127,K,LYS
125,128,S,SER
126,129,E,GLU
127,130,A,ALA
128,131,Q,GLN
129,132,A,ALA
130,133,K,LYS
131,134,K,LYS
132,135,E,GLU
133,136,K,LYS
134,137,L,LEU
135,138,N,ASN
136,139,I,ILE
137,140,W,TRP
138,141,S,SER
