1,6,K,LYS
2,7,L,LEU
3,8,H,HIS
4,9,K,LYS
5,10,E,GLU
6,11,P,PRO
7,12,A,ALA
8,13,T,THR
9,14,L,LEU
10,15,I,ILE
11,16,K,LYS
12,17,A,ALA
13,18,I,ILE
14,19,D,ASP
15,20,G,GLY
16,21,D,ASP
17,22,T,THR
18,23,V,VAL
19,24,K,LYS
20,25,L,LEU
21,26,M,MET
22,27,Y,TYR
23,28,K,LYS
24,29,G,GLY
25,30,Q,GLN
26,31,P,PRO
27,32,M,MET
28,33,T,THR
29,34,F,PHE
30,35,R,ARG
31,36,L,LEU
32,37,L,LEU
33,38,L,LEU
34,39,V,VAL
35,40,D,ASP
36,41,T,THR
37,42,P,PRO
38,43,E,GLU
39,44,T,THR
40,45,K,LYS
41,46,H,HIS
42,47,P,PRO
43,48,K,LYS
44,49,K,LYS
45,50,G,GLY
46,51,V,VAL
47,52,E,GLU
48,53,K,LYS
49,54,Y,TYR
50,55,G,GLY
51,56,P,PRO
52,57,E,GLU
53,58,A,ALA
54,59,S,SER
55,60,A,ALA
56,61,F,PHE
57,62,T,THR
58,63,K,LYS
59,64,K,LYS
60,65,M,MET
61,66,V,VAL
62,67,E,GLU
63,68,N,ASN
64,69,A,ALA
65,70,K,LYS
66,71,K,LYS
67,72,I,ILE
68,73,E,GLU
69,74,V,VAL
70,75,E,GLU
71,76,F,PHE
72,77,D,ASP
73,78,K,LYS
74,79,G,GLY
75,80,Q,GLN
76,81,R,ARG
77,82,T,THR
78,83,D,ASP
79,84,K,LYS
80,85,Y,TYR
81,86,G,GLY
82,87,R,ARG
83,88,G,GLY
84,89,L,LEU
85,90,A,ALA
86,91,Y,TYR
87,92,I,ILE
88,93,Y,TYR
89,94,A,ALA
90,95,D,ASP
91,96,G,GLY
92,97,K,LYS
93,98,M,MET
94,99,V,VAL
95,100,N,ASN
96,101,E,GLU
97,102,A,ALA
98,103,L,LEU
99,104,V,VAL
100,105,R,ARG
101,106,Q,GLN
102,107,G,GLY
103,108,L,LEU
104,109,A,ALA
105,110,K,LYS
106,111,V,VAL
107,112,A,ALA
108,113,Y,TYR
109,114,V,VAL
110,115,Y,TYR
111,116,N,ASN
112,117,P,PRO
113,118,N,ASN
114,119,N,ASN
115,120,T,THR
116,121,H,HIS
117,122,E,GLU
118,123,Q,GLN
119,124,H,HIS
120,125,L,LEU
121,126,R,ARG
122,127,K,LYS
123,128,S,SER
124,129,E,GLU
125,130,A,ALA
126,131,Q,GLN
127,132,A,ALA
128,133,K,LYS
129,134,K,LYS
130,135,E,GLU
131,136,K,LYS
132,137,L,LEU
133,138,N,ASN
134,139,I,ILE
135,140,W,TRP
136,141,S,SER
137,142,E,GLU
