1,125,L,LEU
2,126,G,GLY
3,127,G,GLY
4,128,Y,TYR
5,129,M,MET
6,130,L,LEU
7,131,G,GLY
8,132,S,SER
9,133,A,ALA
10,134,M,MET
11,135,S,SER
12,136,R,ARG
13,137,P,PRO
14,138,I,ILE
15,139,I,ILE
16,140,H,HIS
17,141,F,PHE
18,142,G,GLY
19,143,S,SER
20,144,D,ASP
21,145,Y,TYR
22,146,E,GLU
23,147,D,ASP
24,148,R,ARG
25,149,Y,TYR
26,150,Y,TYR
27,151,R,ARG
28,152,E,GLU
29,153,N,ASN
30,154,M,MET
31,155,H,HIS
32,156,R,ARG
33,157,Y,TYR
34,158,P,PRO
35,159,N,ASN
36,160,Q,GLN
37,161,V,VAL
38,162,Y,TYR
39,163,Y,TYR
40,164,R,ARG
41,165,P,PRO
42,166,M,MET
43,167,D,ASP
44,168,E,GLU
45,169,Y,TYR
46,170,S,SER
47,171,N,ASN
48,172,Q,GLN
49,173,N,ASN
50,174,N,ASN
51,175,F,PHE
52,176,V,VAL
53,177,H,HIS
54,178,D,ASP
55,179,C,CYS
56,180,V,VAL
57,181,N,ASN
58,182,I,ILE
59,183,T,THR
60,184,I,ILE
61,185,K,LYS
62,186,Q,GLN
63,187,H,HIS
64,188,T,THR
65,189,V,VAL
66,190,T,THR
67,191,T,THR
68,192,T,THR
69,193,T,THR
70,194,K,LYS
71,195,G,GLY
72,196,E,GLU
73,197,N,ASN
74,198,F,PHE
75,199,T,THR
76,200,E,GLU
77,201,T,THR
78,202,D,ASP
79,203,V,VAL
80,204,K,LYS
81,205,M,MET
82,206,M,MET
83,207,E,GLU
84,208,R,ARG
85,209,V,VAL
86,210,V,VAL
87,211,E,GLU
88,212,Q,GLN
89,213,M,MET
90,214,C,CYS
91,215,I,ILE
92,216,T,THR
93,217,Q,GLN
94,218,Y,TYR
95,219,E,GLU
96,220,R,ARG
97,221,E,GLU
98,222,S,SER
99,223,Q,GLN
100,224,A,ALA
101,225,Y,TYR
102,226,Y,TYR
103,227,Q,GLN
104,228,R,ARG
