1,507,M,MET
2,508,Y,TYR
3,509,C,CYS
4,510,S,SER
5,511,R,ARG
6,512,L,LEU
7,513,L,LEU
8,514,D,ASP
9,515,L,LEU
10,516,V,VAL
11,517,F,PHE
12,518,L,LEU
13,519,L,LEU
14,520,D,ASP
15,521,G,GLY
16,522,S,SER
17,523,S,SER
18,524,R,ARG
19,525,L,LEU
20,526,S,SER
21,527,E,GLU
22,528,A,ALA
23,529,E,GLU
24,530,F,PHE
25,531,E,GLU
26,532,V,VAL
27,533,L,LEU
28,534,K,LYS
29,535,A,ALA
30,536,F,PHE
31,537,V,VAL
32,538,V,VAL
33,539,D,ASP
34,540,M,MET
35,541,M,MET
36,542,E,GLU
37,543,R,ARG
38,544,L,LEU
39,545,R,ARG
40,546,V,VAL
41,547,S,SER
42,548,Q,GLN
43,549,K,LYS
44,550,W,TRP
45,551,V,VAL
46,552,R,ARG
47,553,V,VAL
48,554,A,ALA
49,555,V,VAL
50,556,V,VAL
51,557,E,GLU
52,558,Y,TYR
53,559,H,HIS
54,560,D,ASP
55,561,G,GLY
56,562,S,SER
57,563,H,HIS
58,564,A,ALA
59,565,Y,TYR
60,566,I,ILE
61,567,G,GLY
62,568,L,LEU
63,569,K,LYS
64,570,D,ASP
65,571,R,ARG
66,572,K,LYS
67,573,R,ARG
68,574,P,PRO
69,575,S,SER
70,576,E,GLU
71,577,L,LEU
72,578,R,ARG
73,579,R,ARG
74,580,I,ILE
75,581,A,ALA
76,582,S,SER
77,583,Q,GLN
78,584,V,VAL
79,585,K,LYS
80,586,Y,TYR
81,587,A,ALA
82,588,G,GLY
83,589,S,SER
84,590,Q,GLN
85,591,V,VAL
86,592,A,ALA
87,593,S,SER
88,594,T,THR
89,595,S,SER
90,596,E,GLU
91,597,V,VAL
92,598,L,LEU
93,599,K,LYS
94,600,Y,TYR
95,601,T,THR
96,602,L,LEU
97,603,F,PHE
98,604,Q,GLN
99,605,I,ILE
100,606,F,PHE
101,607,S,SER
102,608,K,LYS
103,609,I,ILE
104,610,D,ASP
105,611,R,ARG
106,612,P,PRO
107,613,E,GLU
108,614,A,ALA
109,615,S,SER
110,616,R,ARG
111,617,I,ILE
112,618,A,ALA
113,619,L,LEU
114,620,L,LEU
115,621,L,LEU
116,622,M,MET
117,623,A,ALA
118,624,S,SER
119,625,Q,GLN
120,626,E,GLU
121,627,P,PRO
122,628,Q,GLN
123,629,R,ARG
124,630,M,MET
125,631,S,SER
126,632,R,ARG
127,633,N,ASN
128,634,F,PHE
129,635,V,VAL
130,636,R,ARG
131,637,Y,TYR
132,638,V,VAL
133,639,Q,GLN
134,640,G,GLY
135,641,L,LEU
136,642,K,LYS
137,643,K,LYS
138,644,K,LYS
139,645,K,LYS
140,646,V,VAL
141,647,I,ILE
142,648,V,VAL
143,649,I,ILE
144,650,P,PRO
145,651,V,VAL
146,652,G,GLY
147,653,I,ILE
148,654,G,GLY
149,655,P,PRO
150,656,H,HIS
151,657,A,ALA
152,658,N,ASN
153,659,L,LEU
154,660,K,LYS
155,661,Q,GLN
156,662,I,ILE
157,663,R,ARG
158,664,L,LEU
159,665,I,ILE
160,666,E,GLU
161,667,K,LYS
162,668,Q,GLN
163,669,A,ALA
164,670,P,PRO
165,671,E,GLU
166,672,N,ASN
167,673,K,LYS
168,674,A,ALA
169,675,F,PHE
170,676,V,VAL
171,677,L,LEU
172,678,S,SER
173,679,S,SER
174,680,V,VAL
175,681,D,ASP
176,682,E,GLU
177,683,L,LEU
178,684,E,GLU
179,685,Q,GLN
180,686,Q,GLN
181,687,R,ARG
182,688,D,ASP
183,689,E,GLU
184,690,I,ILE
185,691,V,VAL
186,692,S,SER
187,693,Y,TYR
188,694,L,LEU
189,695,C,CYS
190,696,D,ASP
191,697,L,LEU
192,698,A,ALA
193,699,P,PRO
194,700,E,GLU
195,701,A,ALA
196,702,P,PRO
