1,24,A,ALA
2,25,D,ASP
3,26,L,LEU
4,27,K,LYS
5,28,V,VAL
6,29,E,GLU
7,30,M,MET
8,31,M,MET
9,32,A,ALA
10,33,G,GLY
11,34,G,GLY
12,35,T,THR
13,36,Q,GLN
14,37,I,ILE
15,38,T,THR
16,39,P,PRO
17,40,L,LEU
18,41,N,ASN
19,42,D,ASP
20,43,N,ASN
21,44,V,VAL
22,45,T,THR
23,46,I,ILE
24,47,F,PHE
25,48,C,CYS
26,49,N,ASN
27,50,I,ILE
28,51,F,PHE
29,52,Y,TYR
30,53,S,SER
31,54,Q,GLN
32,55,P,PRO
33,56,L,LEU
34,57,N,ASN
35,58,I,ILE
36,59,T,THR
37,60,S,SER
38,61,M,MET
39,62,G,GLY
40,63,I,ILE
41,64,T,THR
42,65,W,TRP
43,66,F,PHE
44,67,W,TRP
45,68,K,LYS
46,69,S,SER
47,70,L,LEU
48,71,T,THR
49,72,F,PHE
50,73,D,ASP
51,74,K,LYS
52,75,E,GLU
53,76,V,VAL
54,77,K,LYS
55,78,V,VAL
56,79,F,PHE
57,80,E,GLU
58,81,F,PHE
59,82,F,PHE
60,83,G,GLY
61,84,D,ASP
62,85,H,HIS
63,86,Q,GLN
64,87,E,GLU
65,88,A,ALA
66,89,F,PHE
67,90,R,ARG
68,91,P,PRO
69,92,G,GLY
70,93,A,ALA
71,94,I,ILE
72,95,V,VAL
73,96,S,SER
74,97,P,PRO
75,98,W,TRP
76,99,R,ARG
77,100,L,LEU
78,101,K,LYS
79,102,S,SER
80,103,G,GLY
81,104,D,ASP
82,105,A,ALA
83,106,S,SER
84,107,L,LEU
85,108,R,ARG
86,109,L,LEU
87,110,P,PRO
88,111,G,GLY
89,112,I,ILE
90,113,Q,GLN
91,114,L,LEU
92,115,E,GLU
93,116,E,GLU
94,117,A,ALA
95,118,G,GLY
96,119,E,GLU
97,120,Y,TYR
98,121,R,ARG
99,122,C,CYS
100,123,E,GLU
101,124,V,VAL
102,125,V,VAL
103,126,V,VAL
104,127,T,THR
105,128,P,PRO
106,129,L,LEU
107,130,K,LYS
108,131,A,ALA
109,132,Q,GLN
110,133,G,GLY
111,134,T,THR
112,135,V,VAL
113,136,Q,GLN
114,137,L,LEU
115,138,E,GLU
116,139,V,VAL
117,140,V,VAL
118,141,A,ALA
119,142,S,SER
120,143,P,PRO
121,144,A,ALA
122,145,S,SER
123,146,R,ARG
124,147,L,LEU
125,148,L,LEU
126,149,L,LEU
127,150,D,ASP
128,159,D,ASP
129,160,K,LYS
130,161,Y,TYR
131,162,M,MET
132,163,C,CYS
133,164,E,GLU
134,165,S,SER
135,166,S,SER
136,167,G,GLY
137,168,F,PHE
138,169,Y,TYR
139,170,P,PRO
140,171,E,GLU
141,172,A,ALA
142,173,I,ILE
143,174,N,ASN
144,175,I,ILE
145,176,T,THR
146,177,W,TRP
147,178,E,GLU
148,179,K,LYS
149,180,Q,GLN
150,181,T,THR
151,182,Q,GLN
152,183,K,LYS
153,184,F,PHE
154,185,P,PRO
155,186,H,HIS
156,187,P,PRO
157,188,I,ILE
158,189,E,GLU
159,190,I,ILE
160,191,S,SER
161,192,E,GLU
162,193,D,ASP
163,194,V,VAL
164,195,I,ILE
165,196,T,THR
166,197,G,GLY
167,198,P,PRO
168,199,T,THR
169,200,I,ILE
170,201,K,LYS
171,202,N,ASN
172,203,M,MET
173,204,D,ASP
174,205,G,GLY
175,206,T,THR
176,207,F,PHE
177,208,N,ASN
178,209,V,VAL
179,210,T,THR
180,211,S,SER
181,212,C,CYS
182,213,L,LEU
183,214,K,LYS
184,215,L,LEU
185,216,N,ASN
186,219,Q,GLN
187,220,E,GLU
188,221,D,ASP
189,222,P,PRO
190,223,G,GLY
191,224,T,THR
192,225,V,VAL
193,226,Y,TYR
194,227,Q,GLN
195,228,C,CYS
196,229,V,VAL
197,230,V,VAL
198,231,R,ARG
199,232,H,HIS
200,233,A,ALA
201,234,S,SER
202,235,L,LEU
203,236,H,HIS
204,237,T,THR
205,238,P,PRO
206,239,L,LEU
207,240,R,ARG
208,241,S,SER
209,242,N,ASN
210,243,F,PHE
211,244,T,THR
212,245,L,LEU
