1,44,V,VAL
2,45,W,TRP
3,46,K,LYS
4,47,D,ASP
5,48,A,ALA
6,49,D,ASP
7,50,T,THR
8,51,T,THR
9,52,L,LEU
10,53,F,PHE
11,54,C,CYS
12,55,A,ALA
13,56,S,SER
14,57,D,ASP
15,58,A,ALA
16,59,K,LYS
17,60,A,ALA
18,61,H,HIS
19,62,E,GLU
20,63,T,THR
21,64,E,GLU
22,65,V,VAL
23,66,H,HIS
24,67,N,ASN
25,68,V,VAL
26,69,W,TRP
27,70,A,ALA
28,71,T,THR
29,72,H,HIS
30,73,A,ALA
31,74,C,CYS
32,75,V,VAL
33,76,P,PRO
34,77,T,THR
35,78,D,ASP
36,79,P,PRO
37,80,N,ASN
38,81,P,PRO
39,82,Q,GLN
40,83,E,GLU
41,84,I,ILE
42,85,H,HIS
43,86,L,LEU
44,87,E,GLU
45,88,N,ASN
46,89,V,VAL
47,90,T,THR
48,91,E,GLU
49,92,N,ASN
50,93,F,PHE
51,94,N,ASN
52,95,M,MET
53,96,W,TRP
54,97,K,LYS
55,98,N,ASN
56,99,N,ASN
57,100,M,MET
58,101,V,VAL
59,102,E,GLU
60,103,Q,GLN
61,104,M,MET
62,105,Q,GLN
63,106,E,GLU
64,107,D,ASP
65,108,V,VAL
66,109,I,ILE
67,110,S,SER
68,111,L,LEU
69,112,W,TRP
70,113,D,ASP
71,114,Q,GLN
72,115,S,SER
73,116,L,LEU
74,117,Q,GLN
75,118,P,PRO
76,119,C,CYS
77,120,V,VAL
78,121,K,LYS
79,122,L,LEU
80,123,T,THR
81,124,G,GLY
82,198,G,GLY
83,199,S,SER
84,200,V,VAL
85,201,I,ILE
86,202,K,LYS
87,203,Q,GLN
88,204,A,ALA
89,205,C,CYS
90,206,P,PRO
91,207,K,LYS
92,208,I,ILE
93,209,S,SER
94,210,F,PHE
95,211,D,ASP
96,212,P,PRO
97,213,I,ILE
98,214,P,PRO
99,215,I,ILE
100,216,H,HIS
101,217,Y,TYR
102,218,C,CYS
103,219,T,THR
104,220,P,PRO
105,221,A,ALA
106,222,G,GLY
107,223,Y,TYR
108,224,V,VAL
109,225,I,ILE
110,226,L,LEU
111,227,K,LYS
112,228,C,CYS
113,229,N,ASN
114,230,D,ASP
115,231,K,LYS
116,232,N,ASN
117,233,F,PHE
118,234,N,ASN
119,235,G,GLY
120,236,T,THR
121,237,G,GLY
122,238,P,PRO
123,239,C,CYS
124,240,K,LYS
125,241,N,ASN
126,242,V,VAL
127,243,S,SER
128,244,S,SER
129,245,V,VAL
130,246,Q,GLN
131,247,C,CYS
132,248,T,THR
133,249,H,HIS
134,250,G,GLY
135,251,I,ILE
136,252,K,LYS
137,253,P,PRO
138,254,V,VAL
139,255,V,VAL
140,256,S,SER
141,257,T,THR
142,258,Q,GLN
143,259,L,LEU
144,260,L,LEU
145,261,L,LEU
146,262,N,ASN
147,263,G,GLY
148,264,S,SER
149,265,L,LEU
150,266,A,ALA
151,267,E,GLU
152,268,E,GLU
153,269,E,GLU
154,270,I,ILE
155,271,I,ILE
156,272,I,ILE
157,273,R,ARG
158,274,S,SER
159,275,E,GLU
160,276,N,ASN
161,277,L,LEU
162,278,T,THR
163,279,N,ASN
164,280,N,ASN
165,281,A,ALA
166,282,K,LYS
167,283,T,THR
168,284,I,ILE
169,285,I,ILE
170,286,V,VAL
171,287,H,HIS
172,288,L,LEU
173,289,N,ASN
174,290,K,LYS
175,291,S,SER
176,292,V,VAL
177,293,E,GLU
178,294,I,ILE
179,295,N,ASN
180,296,C,CYS
181,297,T,THR
182,298,R,ARG
183,299,P,PRO
184,300,S,SER
185,324,G,GLY
186,325,D,ASP
187,326,I,ILE
188,327,R,ARG
189,328,K,LYS
190,329,A,ALA
191,330,Y,TYR
192,331,C,CYS
193,332,E,GLU
194,333,I,ILE
195,334,N,ASN
196,335,G,GLY
197,336,T,THR
198,337,K,LYS
199,338,W,TRP
200,339,N,ASN
201,340,K,LYS
202,341,V,VAL
203,342,L,LEU
204,343,K,LYS
205,344,Q,GLN
206,345,V,VAL
207,346,T,THR
208,347,E,GLU
209,348,K,LYS
210,349,L,LEU
211,350,K,LYS
212,351,E,GLU
213,352,H,HIS
214,353,F,PHE
215,354,N,ASN
216,355,N,ASN
217,357,K,LYS
218,358,T,THR
219,359,I,ILE
220,360,I,ILE
221,361,F,PHE
222,362,Q,GLN
223,363,P,PRO
224,364,P,PRO
225,365,S,SER
226,366,G,GLY
227,367,G,GLY
228,368,D,ASP
229,369,L,LEU
230,370,E,GLU
231,371,I,ILE
232,372,T,THR
233,373,M,MET
234,374,H,HIS
235,375,H,HIS
236,376,F,PHE
237,377,N,ASN
238,378,C,CYS
239,379,R,ARG
240,380,G,GLY
241,381,E,GLU
242,382,F,PHE
243,383,F,PHE
244,384,Y,TYR
245,385,C,CYS
246,386,N,ASN
247,387,T,THR
248,388,T,THR
249,389,Q,GLN
250,390,L,LEU
251,391,F,PHE
252,392,N,ASN
253,393,N,ASN
254,394,T,THR
255,395,C,CYS
256,396,I,ILE
257,397,G,GLY
258,404,N,ASN
259,405,E,GLU
260,406,T,THR
261,407,M,MET
262,408,K,LYS
263,409,G,GLY
264,410,C,CYS
265,411,N,ASN
266,412,G,GLY
267,413,T,THR
268,414,I,ILE
269,415,T,THR
270,416,L,LEU
271,417,P,PRO
272,418,C,CYS
273,419,K,LYS
274,420,I,ILE
275,421,K,LYS
276,422,Q,GLN
277,423,I,ILE
278,424,I,ILE
279,425,N,ASN
280,426,M,MET
281,427,W,TRP
282,428,Q,GLN
283,429,G,GLY
284,430,T,THR
285,431,G,GLY
286,432,Q,GLN
287,433,A,ALA
288,434,M,MET
289,435,Y,TYR
290,436,A,ALA
291,437,P,PRO
292,438,P,PRO
293,439,I,ILE
294,440,D,ASP
295,441,G,GLY
296,442,K,LYS
297,443,I,ILE
298,444,N,ASN
299,445,C,CYS
300,446,V,VAL
301,447,S,SER
302,448,N,ASN
303,449,I,ILE
304,450,T,THR
305,451,G,GLY
306,452,I,ILE
307,453,L,LEU
308,454,L,LEU
309,455,T,THR
310,456,R,ARG
311,457,D,ASP
312,458,G,GLY
313,459,G,GLY
314,460,A,ALA
315,461,N,ASN
316,462,N,ASN
317,463,T,THR
318,464,S,SER
319,465,N,ASN
320,466,E,GLU
321,467,T,THR
322,468,F,PHE
323,469,R,ARG
324,470,P,PRO
325,471,G,GLY
326,472,G,GLY
327,473,G,GLY
328,474,N,ASN
329,475,I,ILE
330,476,K,LYS
331,477,D,ASP
332,478,N,ASN
333,479,W,TRP
334,480,R,ARG
335,481,S,SER
336,482,E,GLU
337,483,L,LEU
338,484,Y,TYR
339,485,K,LYS
340,486,Y,TYR
341,487,K,LYS
342,488,V,VAL
343,489,V,VAL
344,490,Q,GLN
345,491,I,ILE
346,492,E,GLU
