1,1,C,CYS
2,2,D,ASP
3,3,A,ALA
4,4,F,PHE
5,5,V,VAL
6,6,G,GLY
7,7,T,THR
8,8,W,TRP
9,9,K,LYS
10,10,L,LEU
11,11,V,VAL
12,12,S,SER
13,13,S,SER
14,14,E,GLU
15,15,N,ASN
16,16,F,PHE
17,17,D,ASP
18,18,D,ASP
19,19,Y,TYR
20,20,M,MET
21,21,K,LYS
22,22,E,GLU
23,23,V,VAL
24,24,G,GLY
25,25,V,VAL
26,26,G,GLY
27,27,F,PHE
28,28,A,ALA
29,29,T,THR
30,30,R,ARG
31,31,K,LYS
32,32,V,VAL
33,33,A,ALA
34,34,G,GLY
35,35,M,MET
36,36,A,ALA
37,37,K,LYS
38,38,P,PRO
39,39,N,ASN
40,40,M,MET
41,41,I,ILE
42,42,I,ILE
43,43,S,SER
44,44,V,VAL
45,45,N,ASN
46,46,G,GLY
47,47,D,ASP
48,48,L,LEU
49,49,V,VAL
50,50,T,THR
51,51,I,ILE
52,52,R,ARG
53,53,S,SER
54,54,E,GLU
55,55,S,SER
56,56,T,THR
57,57,F,PHE
58,58,K,LYS
59,59,N,ASN
60,60,T,THR
61,61,E,GLU
62,62,I,ILE
63,63,S,SER
64,64,F,PHE
65,65,K,LYS
66,66,L,LEU
67,67,G,GLY
68,68,V,VAL
69,69,E,GLU
70,70,F,PHE
71,71,D,ASP
72,72,E,GLU
73,73,I,ILE
74,74,T,THR
75,75,A,ALA
76,76,D,ASP
77,77,D,ASP
78,78,R,ARG
79,79,K,LYS
80,80,V,VAL
81,81,K,LYS
82,82,S,SER
83,83,I,ILE
84,84,I,ILE
85,85,T,THR
86,86,L,LEU
87,87,D,ASP
88,88,G,GLY
89,89,G,GLY
90,90,A,ALA
91,91,L,LEU
92,92,V,VAL
93,93,Q,GLN
94,94,V,VAL
95,95,Q,GLN
96,96,K,LYS
97,97,W,TRP
98,98,D,ASP
99,99,G,GLY
100,100,K,LYS
101,101,S,SER
102,102,T,THR
103,103,T,THR
104,104,I,ILE
105,105,K,LYS
106,106,R,ARG
107,107,K,LYS
108,108,R,ARG
109,109,D,ASP
110,110,G,GLY
111,111,D,ASP
112,112,K,LYS
113,113,L,LEU
114,114,V,VAL
115,115,V,VAL
116,116,E,GLU
117,117,C,CYS
118,118,V,VAL
119,119,M,MET
120,120,K,LYS
121,121,G,GLY
122,122,V,VAL
123,123,T,THR
124,124,S,SER
125,125,T,THR
126,126,R,ARG
127,127,V,VAL
128,128,Y,TYR
129,129,E,GLU
130,130,R,ARG
131,131,A,ALA
