1,-8,G,GLY
2,-7,A,ALA
3,-6,S,SER
4,-5,I,ILE
5,-4,V,VAL
6,-3,P,PRO
7,-2,L,LEU
8,-1,Y,TYR
9,0,K,LYS
10,1,L,LEU
11,2,V,VAL
12,3,H,HIS
13,4,V,VAL
14,5,F,PHE
15,6,I,ILE
16,7,N,ASN
17,8,T,THR
18,13,Q,GLN
19,14,Y,TYR
20,15,A,ALA
21,16,G,GLY
22,17,I,ILE
23,18,T,THR
24,19,K,LYS
25,20,I,ILE
26,21,G,GLY
27,24,N,ASN
28,25,Q,GLN
29,26,N,ASN
30,27,F,PHE
31,28,L,LEU
32,29,T,THR
33,30,V,VAL
34,31,F,PHE
35,32,D,ASP
36,33,S,SER
37,34,T,THR
38,35,S,SER
39,36,C,CYS
40,37,N,ASN
41,38,V,VAL
42,39,V,VAL
43,40,V,VAL
44,41,A,ALA
45,42,S,SER
46,43,Q,GLN
47,44,E,GLU
48,45,C,CYS
49,46,V,VAL
50,47,G,GLY
51,48,G,GLY
52,49,A,ALA
53,50,C,CYS
54,51,V,VAL
55,52,N,ASN
56,53,L,LEU
57,54,Q,GLN
58,55,K,LYS
59,56,Y,TYR
60,57,E,GLU
61,58,K,LYS
62,59,L,LEU
63,60,K,LYS
64,61,P,PRO
65,65,K,LYS
66,66,Y,TYR
67,67,I,ILE
68,68,S,SER
69,69,G,GLY
70,70,N,ASN
71,71,V,VAL
72,72,Q,GLN
73,73,V,VAL
74,74,K,LYS
75,75,F,PHE
76,76,D,ASP
77,77,T,THR
78,78,G,GLY
79,79,S,SER
80,80,A,ALA
81,81,V,VAL
82,82,G,GLY
83,83,R,ARG
84,84,G,GLY
85,85,I,ILE
86,86,E,GLU
87,87,D,ASP
88,88,S,SER
89,89,L,LEU
90,90,T,THR
91,91,I,ILE
92,92,S,SER
93,93,Q,GLN
94,94,L,LEU
95,95,T,THR
96,96,T,THR
97,97,S,SER
98,98,Q,GLN
99,99,Q,GLN
100,100,D,ASP
101,101,I,ILE
102,102,V,VAL
103,103,L,LEU
104,104,A,ALA
105,105,D,ASP
106,106,E,GLU
107,107,L,LEU
108,109,S,SER
109,110,Q,GLN
110,111,E,GLU
111,112,V,VAL
112,113,C,CYS
113,114,I,ILE
114,115,L,LEU
115,116,S,SER
116,117,A,ALA
117,118,D,ASP
118,119,V,VAL
119,120,V,VAL
120,121,V,VAL
121,122,G,GLY
122,123,I,ILE
123,124,A,ALA
124,125,A,ALA
125,126,P,PRO
126,127,C,CYS
127,128,P,PRO
128,129,N,ASN
129,130,A,ALA
130,131,L,LEU
131,132,K,LYS
132,133,G,GLY
133,134,K,LYS
134,135,T,THR
135,136,V,VAL
136,137,L,LEU
137,138,E,GLU
138,139,N,ASN
139,140,F,PHE
140,141,V,VAL
141,142,E,GLU
142,143,E,GLU
143,144,N,ASN
144,145,L,LEU
145,146,I,ILE
146,148,A,ALA
147,149,P,PRO
148,150,V,VAL
149,151,F,PHE
150,152,S,SER
151,153,I,ILE
152,154,H,HIS
153,155,H,HIS
154,156,A,ALA
155,157,R,ARG
156,158,F,PHE
157,159,Q,GLN
158,160,E,GLU
159,161,H,HIS
160,162,F,PHE
161,163,G,GLY
162,164,E,GLU
163,165,I,ILE
164,166,I,ILE
165,167,F,PHE
166,168,G,GLY
167,169,G,GLY
168,170,S,SER
169,171,D,ASP
170,172,W,TRP
171,173,K,LYS
172,174,Y,TYR
173,175,V,VAL
174,176,D,ASP
175,177,G,GLY
176,178,E,GLU
177,179,F,PHE
178,180,T,THR
179,181,Y,TYR
180,182,V,VAL
181,183,P,PRO
182,184,L,LEU
183,185,V,VAL
184,186,G,GLY
185,187,D,ASP
186,188,D,ASP
187,189,S,SER
188,190,W,TRP
189,191,K,LYS
190,192,F,PHE
191,193,R,ARG
192,194,L,LEU
193,195,D,ASP
194,196,G,GLY
195,197,V,VAL
196,198,K,LYS
197,199,I,ILE
198,200,G,GLY
199,201,D,ASP
200,202,T,THR
201,203,T,THR
202,204,V,VAL
203,205,A,ALA
204,206,P,PRO
205,207,A,ALA
206,208,G,GLY
207,210,T,THR
208,211,Q,GLN
209,212,A,ALA
210,213,I,ILE
211,214,I,ILE
212,215,D,ASP
213,216,T,THR
214,217,S,SER
215,218,K,LYS
216,219,A,ALA
217,220,I,ILE
218,221,I,ILE
219,222,V,VAL
220,223,G,GLY
221,224,P,PRO
222,225,K,LYS
223,226,A,ALA
224,227,Y,TYR
225,228,V,VAL
226,229,N,ASN
227,230,P,PRO
228,231,I,ILE
229,232,N,ASN
230,233,E,GLU
231,234,A,ALA
232,235,I,ILE
233,236,G,GLY
234,237,C,CYS
235,238,V,VAL
236,239,V,VAL
237,240,E,GLU
238,241,K,LYS
239,242,T,THR
240,243,R,ARG
241,244,I,ILE
242,245,C,CYS
243,246,K,LYS
244,247,L,LEU
245,248,D,ASP
246,249,C,CYS
247,250,S,SER
248,251,K,LYS
249,252,I,ILE
250,253,P,PRO
251,254,S,SER
252,255,L,LEU
253,256,P,PRO
254,257,D,ASP
255,258,V,VAL
256,259,T,THR
257,260,F,PHE
258,261,V,VAL
259,262,I,ILE
260,263,N,ASN
261,264,G,GLY
262,265,R,ARG
263,266,N,ASN
264,267,F,PHE
265,268,N,ASN
266,269,I,ILE
267,270,S,SER
268,271,S,SER
269,272,Q,GLN
270,273,Y,TYR
271,274,Y,TYR
272,275,I,ILE
273,276,Q,GLN
274,277,Q,GLN
275,278,N,ASN
276,279,G,GLY
277,280,N,ASN
278,281,L,LEU
279,282,C,CYS
280,283,Y,TYR
281,284,S,SER
282,285,G,GLY
283,286,F,PHE
284,287,Q,GLN
285,288,P,PRO
286,290,G,GLY
287,291,H,HIS
288,292,S,SER
289,297,D,ASP
290,298,H,HIS
291,299,F,PHE
292,300,F,PHE
293,301,I,ILE
294,302,G,GLY
295,303,D,ASP
296,304,F,PHE
297,305,F,PHE
298,306,V,VAL
299,307,D,ASP
300,308,H,HIS
301,309,Y,TYR
302,310,Y,TYR
303,311,S,SER
304,312,E,GLU
305,313,F,PHE
306,314,N,ASN
307,315,W,TRP
308,316,E,GLU
309,317,N,ASN
310,318,K,LYS
311,319,T,THR
312,320,M,MET
313,321,G,GLY
314,322,F,PHE
315,323,G,GLY
316,324,R,ARG
317,325,S,SER
318,326,V,VAL
319,327,E,GLU
