1,577,S,SER
2,578,Y,TYR
3,579,T,THR
4,580,M,MET
5,581,C,CYS
6,582,S,SER
7,583,G,GLY
8,584,K,LYS
9,585,F,PHE
10,586,S,SER
11,587,I,ILE
12,588,D,ASP
13,589,K,LYS
14,590,E,GLU
15,591,M,MET
16,592,A,ALA
17,593,E,GLU
18,594,T,THR
19,595,Q,GLN
20,596,H,HIS
21,597,G,GLY
22,598,T,THR
23,599,T,THR
24,600,V,VAL
25,601,V,VAL
26,602,K,LYS
27,603,V,VAL
28,604,K,LYS
29,605,Y,TYR
30,606,E,GLU
31,607,G,GLY
32,608,A,ALA
33,609,G,GLY
34,610,A,ALA
35,611,P,PRO
36,612,C,CYS
37,613,K,LYS
38,614,V,VAL
39,615,P,PRO
40,616,I,ILE
41,617,E,GLU
42,618,I,ILE
43,619,R,ARG
44,620,D,ASP
45,621,V,VAL
46,622,N,ASN
47,623,K,LYS
48,624,E,GLU
49,625,K,LYS
50,626,V,VAL
51,627,V,VAL
52,628,G,GLY
53,629,R,ARG
54,630,I,ILE
55,631,I,ILE
56,632,S,SER
57,633,S,SER
58,634,T,THR
59,635,P,PRO
60,636,L,LEU
61,637,A,ALA
62,638,E,GLU
63,639,N,ASN
64,640,T,THR
65,641,N,ASN
66,642,S,SER
67,643,V,VAL
68,644,T,THR
69,645,N,ASN
70,646,I,ILE
71,647,E,GLU
72,648,L,LEU
73,649,E,GLU
74,650,P,PRO
75,651,P,PRO
76,652,F,PHE
77,653,G,GLY
78,654,D,ASP
79,655,S,SER
80,656,Y,TYR
81,657,I,ILE
82,658,V,VAL
83,659,I,ILE
84,660,G,GLY
85,661,V,VAL
86,662,G,GLY
87,663,N,ASN
88,664,S,SER
89,665,A,ALA
90,666,L,LEU
91,667,T,THR
92,668,L,LEU
93,669,H,HIS
94,670,W,TRP
95,671,F,PHE
96,672,R,ARG
97,673,K,LYS
