1,30,K,LYS
2,31,C,CYS
3,32,R,ARG
4,33,Y,TYR
5,34,A,ALA
6,35,L,LEU
7,36,G,GLY
8,37,M,MET
9,38,Q,GLN
10,39,D,ASP
11,40,R,ARG
12,41,T,THR
13,42,I,ILE
14,43,P,PRO
15,44,D,ASP
16,45,S,SER
17,46,D,ASP
18,47,I,ILE
19,48,S,SER
20,49,A,ALA
21,50,S,SER
22,51,S,SER
23,52,S,SER
24,53,W,TRP
25,54,S,SER
26,55,D,ASP
27,56,S,SER
28,57,T,THR
29,58,A,ALA
30,59,A,ALA
31,60,R,ARG
32,61,H,HIS
33,62,S,SER
34,63,R,ARG
35,64,L,LEU
36,65,E,GLU
37,66,S,SER
38,67,S,SER
39,68,D,ASP
40,69,G,GLY
41,70,D,ASP
42,71,G,GLY
43,72,A,ALA
44,73,W,TRP
45,74,C,CYS
46,75,P,PRO
47,76,A,ALA
48,77,G,GLY
49,78,S,SER
50,79,V,VAL
51,80,F,PHE
52,81,P,PRO
53,82,K,LYS
54,83,E,GLU
55,84,E,GLU
56,85,E,GLU
57,86,Y,TYR
58,87,L,LEU
59,88,Q,GLN
60,89,V,VAL
61,90,D,ASP
62,91,L,LEU
63,92,Q,GLN
64,93,R,ARG
65,94,L,LEU
66,95,H,HIS
67,96,L,LEU
68,97,V,VAL
69,98,A,ALA
70,99,L,LEU
71,100,V,VAL
72,101,G,GLY
73,102,T,THR
74,103,Q,GLN
75,104,G,GLY
76,105,R,ARG
77,106,H,HIS
78,107,A,ALA
79,108,G,GLY
80,109,G,GLY
81,110,L,LEU
82,111,G,GLY
83,112,K,LYS
84,113,E,GLU
85,114,F,PHE
86,115,S,SER
87,116,R,ARG
88,117,S,SER
89,118,Y,TYR
90,119,R,ARG
91,120,L,LEU
92,121,R,ARG
93,122,Y,TYR
94,123,S,SER
95,124,R,ARG
96,125,D,ASP
97,126,G,GLY
98,127,R,ARG
99,128,R,ARG
100,129,W,TRP
101,130,M,MET
102,131,G,GLY
103,132,W,TRP
104,133,K,LYS
105,134,D,ASP
106,135,R,ARG
107,136,W,TRP
108,137,G,GLY
109,138,Q,GLN
110,139,E,GLU
111,140,V,VAL
112,141,I,ILE
113,142,S,SER
114,143,G,GLY
115,144,N,ASN
116,145,E,GLU
117,146,D,ASP
118,147,P,PRO
119,148,E,GLU
120,149,G,GLY
121,150,V,VAL
122,151,V,VAL
123,152,L,LEU
124,153,K,LYS
125,154,D,ASP
126,155,L,LEU
127,156,G,GLY
128,157,P,PRO
129,158,P,PRO
130,159,M,MET
131,160,V,VAL
132,161,A,ALA
133,162,R,ARG
134,163,L,LEU
135,164,V,VAL
136,165,R,ARG
137,166,F,PHE
138,167,Y,TYR
139,168,P,PRO
140,169,R,ARG
141,170,A,ALA
142,171,D,ASP
143,172,R,ARG
144,173,V,VAL
145,174,M,MET
146,175,S,SER
147,176,V,VAL
148,177,C,CYS
149,178,L,LEU
150,179,R,ARG
151,180,V,VAL
152,181,E,GLU
153,182,L,LEU
154,183,Y,TYR
155,184,G,GLY
156,185,C,CYS
157,186,L,LEU
158,187,W,TRP
159,188,R,ARG
160,189,D,ASP
161,190,G,GLY
162,191,L,LEU
163,192,L,LEU
164,193,S,SER
165,194,Y,TYR
166,195,T,THR
167,196,A,ALA
168,197,P,PRO
169,198,V,VAL
170,199,G,GLY
171,200,Q,GLN
172,201,T,THR
173,202,M,MET
174,203,Y,TYR
175,204,L,LEU
176,205,S,SER
177,206,E,GLU
178,207,A,ALA
179,208,V,VAL
180,209,Y,TYR
181,210,L,LEU
182,211,N,ASN
183,212,D,ASP
184,213,S,SER
185,214,T,THR
186,215,Y,TYR
187,216,D,ASP
188,217,G,GLY
189,218,H,HIS
190,219,T,THR
191,220,V,VAL
192,221,G,GLY
193,222,G,GLY
194,223,L,LEU
195,224,Q,GLN
196,225,Y,TYR
197,226,G,GLY
198,227,G,GLY
199,228,L,LEU
200,229,G,GLY
201,230,Q,GLN
202,231,L,LEU
203,232,A,ALA
204,233,D,ASP
205,234,G,GLY
206,235,V,VAL
207,236,V,VAL
208,237,G,GLY
209,238,L,LEU
210,239,D,ASP
211,240,D,ASP
212,241,F,PHE
213,242,R,ARG
214,243,K,LYS
215,244,S,SER
216,245,Q,GLN
217,246,E,GLU
218,247,L,LEU
219,248,R,ARG
220,249,V,VAL
221,250,W,TRP
222,251,P,PRO
223,252,G,GLY
224,253,Y,TYR
225,254,D,ASP
226,255,Y,TYR
227,256,V,VAL
228,257,G,GLY
229,258,W,TRP
230,259,S,SER
231,260,N,ASN
232,261,H,HIS
233,262,S,SER
234,263,F,PHE
235,264,S,SER
236,265,S,SER
237,266,G,GLY
238,267,Y,TYR
239,268,V,VAL
240,269,E,GLU
241,270,M,MET
242,271,E,GLU
243,272,F,PHE
244,273,E,GLU
245,274,F,PHE
246,275,D,ASP
247,276,R,ARG
248,277,L,LEU
249,278,R,ARG
250,279,A,ALA
251,280,F,PHE
252,281,Q,GLN
253,282,A,ALA
254,283,M,MET
255,284,Q,GLN
256,285,V,VAL
257,286,H,HIS
258,287,C,CYS
259,288,N,ASN
260,289,N,ASN
261,290,M,MET
262,291,H,HIS
263,292,T,THR
264,293,L,LEU
265,294,G,GLY
266,295,A,ALA
267,296,R,ARG
268,297,L,LEU
269,298,P,PRO
270,299,G,GLY
271,300,G,GLY
272,301,V,VAL
273,302,E,GLU
274,303,C,CYS
275,304,R,ARG
276,305,F,PHE
277,306,R,ARG
278,307,R,ARG
279,308,G,GLY
280,309,P,PRO
281,310,A,ALA
282,311,M,MET
283,312,A,ALA
284,313,W,TRP
285,314,E,GLU
286,315,G,GLY
287,316,E,GLU
288,317,P,PRO
289,318,M,MET
290,319,R,ARG
291,320,H,HIS
292,321,N,ASN
293,322,L,LEU
294,323,G,GLY
295,324,G,GLY
296,325,N,ASN
297,326,L,LEU
298,327,G,GLY
299,328,D,ASP
300,329,P,PRO
301,330,R,ARG
302,331,A,ALA
303,332,R,ARG
304,333,A,ALA
305,334,V,VAL
306,335,S,SER
307,336,V,VAL
308,337,P,PRO
309,338,L,LEU
310,339,G,GLY
311,340,G,GLY
312,341,R,ARG
313,342,V,VAL
314,343,A,ALA
315,344,R,ARG
316,345,F,PHE
317,346,L,LEU
318,347,Q,GLN
319,348,C,CYS
320,349,R,ARG
321,350,F,PHE
322,351,L,LEU
323,352,F,PHE
324,353,A,ALA
325,354,G,GLY
326,355,P,PRO
327,356,W,TRP
328,357,L,LEU
329,358,L,LEU
330,359,F,PHE
331,360,S,SER
332,361,E,GLU
333,362,I,ILE
334,363,S,SER
335,364,F,PHE
336,365,I,ILE
337,366,S,SER
338,367,D,ASP
339,368,A,ALA
340,369,A,ALA
341,370,A,ALA
