1,61,T,THR
2,62,A,ALA
3,63,T,THR
4,64,F,PHE
5,65,H,HIS
6,66,R,ARG
7,67,C,CYS
8,68,A,ALA
9,69,K,LYS
10,70,D,ASP
11,71,P,PRO
12,72,W,TRP
13,73,R,ARG
14,74,L,LEU
15,75,P,PRO
16,76,G,GLY
17,77,T,THR
18,78,Y,TYR
19,79,V,VAL
20,80,V,VAL
21,81,V,VAL
22,82,L,LEU
23,83,K,LYS
24,84,E,GLU
25,85,E,GLU
26,86,T,THR
27,87,H,HIS
28,88,L,LEU
29,89,S,SER
30,90,Q,GLN
31,91,S,SER
32,92,E,GLU
33,93,R,ARG
34,94,T,THR
35,95,A,ALA
36,96,R,ARG
37,97,R,ARG
38,98,L,LEU
39,99,Q,GLN
40,100,A,ALA
41,101,Q,GLN
42,102,A,ALA
43,103,A,ALA
44,104,R,ARG
45,105,R,ARG
46,106,G,GLY
47,107,Y,TYR
48,108,L,LEU
49,109,T,THR
50,110,K,LYS
51,111,I,ILE
52,112,L,LEU
53,113,H,HIS
54,114,V,VAL
55,115,F,PHE
56,116,H,HIS
57,117,G,GLY
58,118,L,LEU
59,119,L,LEU
60,120,P,PRO
61,121,G,GLY
62,122,F,PHE
63,123,L,LEU
64,124,V,VAL
65,125,K,LYS
66,126,M,MET
67,127,S,SER
68,128,G,GLY
69,129,D,ASP
70,130,L,LEU
71,131,L,LEU
72,132,E,GLU
73,133,L,LEU
74,134,A,ALA
75,135,L,LEU
76,136,K,LYS
77,137,L,LEU
78,138,P,PRO
79,139,H,HIS
80,140,V,VAL
81,141,D,ASP
82,142,Y,TYR
83,143,I,ILE
84,144,E,GLU
85,145,E,GLU
86,146,D,ASP
87,147,S,SER
88,148,S,SER
89,149,V,VAL
90,150,F,PHE
91,151,A,ALA
92,152,Q,GLN
