1,9,L,LEU
2,10,G,GLY
3,11,S,SER
4,12,R,ARG
5,13,R,ARG
6,14,T,THR
7,15,L,LEU
8,16,M,MET
9,17,L,LEU
10,18,L,LEU
11,19,A,ALA
12,20,Q,GLN
13,21,M,MET
14,22,R,ARG
15,23,K,LYS
16,24,I,ILE
17,25,S,SER
18,26,L,LEU
19,27,F,PHE
20,28,S,SER
21,29,C,CYS
22,30,L,LEU
23,31,K,LYS
24,32,D,ASP
25,33,R,ARG
26,34,H,HIS
27,35,D,ASP
28,36,F,PHE
29,37,G,GLY
30,38,F,PHE
31,39,P,PRO
32,40,Q,GLN
33,41,E,GLU
34,42,E,GLU
35,43,F,PHE
36,44,G,GLY
37,45,N,ASN
38,46,Q,GLN
39,47,F,PHE
40,48,Q,GLN
41,49,K,LYS
42,50,A,ALA
43,51,E,GLU
44,52,T,THR
45,53,I,ILE
46,54,P,PRO
47,55,V,VAL
48,56,L,LEU
49,57,H,HIS
50,58,E,GLU
51,59,M,MET
52,60,I,ILE
53,61,Q,GLN
54,62,Q,GLN
55,63,I,ILE
56,64,F,PHE
57,65,N,ASN
58,66,L,LEU
59,67,F,PHE
60,68,S,SER
61,69,T,THR
62,70,K,LYS
63,71,D,ASP
64,72,S,SER
65,73,S,SER
66,74,A,ALA
67,75,A,ALA
68,76,W,TRP
69,77,D,ASP
70,78,E,GLU
71,79,T,THR
72,80,L,LEU
73,81,L,LEU
74,82,D,ASP
75,83,K,LYS
76,84,F,PHE
77,85,Y,TYR
78,86,T,THR
79,87,E,GLU
80,88,L,LEU
81,89,Y,TYR
82,90,Q,GLN
83,91,Q,GLN
84,92,L,LEU
85,93,N,ASN
86,94,D,ASP
87,95,L,LEU
88,96,E,GLU
89,97,A,ALA
90,98,C,CYS
91,99,V,VAL
92,100,I,ILE
93,101,Q,GLN
94,102,G,GLY
95,103,V,VAL
96,111,M,MET
97,112,K,LYS
98,113,E,GLU
99,114,D,ASP
100,115,S,SER
101,116,I,ILE
102,117,L,LEU
103,118,A,ALA
104,119,V,VAL
105,120,R,ARG
106,121,K,LYS
107,122,Y,TYR
108,123,F,PHE
109,124,Q,GLN
110,125,R,ARG
111,126,I,ILE
112,127,T,THR
113,128,L,LEU
114,129,Y,TYR
115,130,L,LEU
116,131,K,LYS
117,132,E,GLU
118,133,K,LYS
119,134,K,LYS
120,135,Y,TYR
121,136,S,SER
122,137,P,PRO
123,138,C,CYS
124,139,A,ALA
125,140,W,TRP
126,141,E,GLU
127,142,V,VAL
128,143,V,VAL
129,144,R,ARG
130,145,A,ALA
131,146,E,GLU
132,147,I,ILE
133,148,M,MET
134,149,R,ARG
135,150,S,SER
136,151,F,PHE
137,152,S,SER
138,153,L,LEU
139,154,S,SER
140,155,T,THR
141,156,N,ASN
