1,7,S,SER
2,8,T,THR
3,9,A,ALA
4,10,L,LEU
5,11,R,ARG
6,12,E,GLU
7,13,L,LEU
8,14,I,ILE
9,15,E,GLU
10,16,E,GLU
11,17,L,LEU
12,18,V,VAL
13,19,N,ASN
14,20,I,ILE
15,21,T,THR
16,22,Q,GLN
17,27,P,PRO
18,28,L,LEU
19,29,C,CYS
20,30,N,ASN
21,31,G,GLY
22,32,S,SER
23,33,M,MET
24,34,V,VAL
25,35,W,TRP
26,36,S,SER
27,37,I,ILE
28,38,N,ASN
29,39,L,LEU
30,40,T,THR
31,41,A,ALA
32,42,G,GLY
33,43,M,MET
34,44,Y,TYR
35,45,C,CYS
36,46,A,ALA
37,47,A,ALA
38,48,L,LEU
39,49,E,GLU
40,50,S,SER
41,51,L,LEU
42,52,I,ILE
43,53,N,ASN
44,54,V,VAL
45,55,S,SER
46,56,G,GLY
47,57,C,CYS
48,58,S,SER
49,59,A,ALA
50,60,I,ILE
51,61,E,GLU
52,62,K,LYS
53,63,T,THR
54,64,Q,GLN
55,65,R,ARG
56,66,M,MET
57,67,L,LEU
58,68,S,SER
59,69,G,GLY
60,70,F,PHE
61,71,C,CYS
62,72,P,PRO
63,73,H,HIS
64,74,K,LYS
65,75,V,VAL
66,76,S,SER
67,77,A,ALA
68,78,G,GLY
69,79,Q,GLN
70,80,F,PHE
71,81,S,SER
72,82,S,SER
73,83,L,LEU
74,84,H,HIS
75,85,V,VAL
76,86,R,ARG
77,87,D,ASP
78,88,T,THR
79,89,K,LYS
80,90,I,ILE
81,91,E,GLU
82,92,V,VAL
83,93,A,ALA
84,94,Q,GLN
85,95,F,PHE
86,96,V,VAL
87,97,K,LYS
88,98,D,ASP
89,99,L,LEU
90,100,L,LEU
91,101,L,LEU
92,102,H,HIS
93,103,L,LEU
94,104,K,LYS
95,105,K,LYS
96,106,L,LEU
97,107,F,PHE
98,108,R,ARG
99,109,E,GLU
100,110,G,GLY
101,111,R,ARG
