1,543,Q,GLN
2,544,L,LEU
3,545,L,LEU
4,546,S,SER
5,547,G,GLY
6,548,I,ILE
7,549,V,VAL
8,550,Q,GLN
9,551,Q,GLN
10,552,Q,GLN
11,553,N,ASN
12,554,N,ASN
13,555,L,LEU
14,556,L,LEU
15,557,R,ARG
16,558,A,ALA
17,559,I,ILE
18,560,E,GLU
19,561,A,ALA
20,562,Q,GLN
21,563,Q,GLN
22,564,H,HIS
23,565,L,LEU
24,566,L,LEU
25,567,Q,GLN
26,568,L,LEU
27,569,T,THR
28,570,V,VAL
29,571,W,TRP
30,572,G,GLY
31,573,I,ILE
32,574,K,LYS
33,575,Q,GLN
34,576,L,LEU
35,577,Q,GLN
36,578,A,ALA
37,579,R,ARG
38,580,I,ILE
39,581,L,LEU
40,582,A,ALA
41,583,G,GLY
42,584,G,GLY
43,1626,T,THR
44,1627,T,THR
45,1628,W,TRP
46,1629,M,MET
47,1630,E,GLU
48,1631,W,TRP
49,1632,D,ASP
50,1633,R,ARG
51,1634,E,GLU
52,1635,I,ILE
53,1636,N,ASN
54,1637,N,ASN
55,1638,Y,TYR
56,1639,T,THR
57,1640,S,SER
58,1641,L,LEU
59,1642,I,ILE
60,1643,H,HIS
61,1644,S,SER
62,1645,L,LEU
63,1646,I,ILE
64,1647,E,GLU
65,1648,E,GLU
66,1649,S,SER
67,1650,Q,GLN
68,1651,N,ASN
69,1652,Q,GLN
70,1653,Q,GLN
71,1654,E,GLU
72,1655,K,LYS
73,1656,N,ASN
74,1657,E,GLU
75,1658,Q,GLN
76,1659,E,GLU
77,1660,L,LEU
78,1661,L,LEU
79,1662,E,GLU
80,1663,G,GLY
81,1664,S,SER
82,2541,G,GLY
83,2542,G,GLY
84,2543,Q,GLN
85,2544,L,LEU
86,2545,L,LEU
87,2546,S,SER
88,2547,G,GLY
89,2548,I,ILE
90,2549,V,VAL
91,2550,Q,GLN
92,2551,Q,GLN
93,2552,Q,GLN
94,2553,N,ASN
95,2554,N,ASN
96,2555,L,LEU
97,2556,L,LEU
98,2557,R,ARG
99,2558,A,ALA
100,2559,I,ILE
101,2560,E,GLU
102,2561,A,ALA
103,2562,Q,GLN
104,2563,Q,GLN
105,2564,H,HIS
106,2565,L,LEU
107,2566,L,LEU
108,2567,Q,GLN
109,2568,L,LEU
110,2569,T,THR
111,2570,V,VAL
112,2571,W,TRP
113,2572,G,GLY
114,2573,I,ILE
115,2574,K,LYS
116,2575,Q,GLN
117,2576,L,LEU
118,2577,Q,GLN
119,2578,A,ALA
120,2579,R,ARG
121,2580,I,ILE
122,2581,L,LEU
123,3624,G,GLY
124,3625,H,HIS
125,3626,T,THR
126,3627,T,THR
127,3628,W,TRP
128,3629,M,MET
129,3630,E,GLU
130,3631,W,TRP
131,3632,D,ASP
132,3633,R,ARG
133,3634,E,GLU
134,3635,I,ILE
135,3636,N,ASN
136,3637,N,ASN
137,3638,Y,TYR
138,3639,T,THR
139,3640,S,SER
140,3641,L,LEU
141,3642,I,ILE
142,3643,H,HIS
143,3644,S,SER
144,3645,L,LEU
145,3646,I,ILE
146,3647,E,GLU
147,3648,E,GLU
148,3649,S,SER
149,3650,Q,GLN
150,3651,N,ASN
151,3652,Q,GLN
152,3653,Q,GLN
153,3654,E,GLU
154,3655,K,LYS
155,3656,N,ASN
156,3657,E,GLU
157,3658,Q,GLN
158,3659,E,GLU
159,3660,L,LEU
160,3661,L,LEU
161,3662,E,GLU
162,3663,G,GLY
163,3664,S,SER
164,4543,Q,GLN
165,4544,L,LEU
166,4545,L,LEU
167,4546,S,SER
168,4547,G,GLY
169,4548,I,ILE
170,4549,V,VAL
171,4550,Q,GLN
172,4551,Q,GLN
173,4552,Q,GLN
174,4553,N,ASN
175,4554,N,ASN
176,4555,L,LEU
177,4556,L,LEU
178,4557,R,ARG
179,4558,A,ALA
180,4559,I,ILE
181,4560,E,GLU
182,4561,A,ALA
183,4562,Q,GLN
184,4563,Q,GLN
185,4564,H,HIS
186,4565,L,LEU
187,4566,L,LEU
188,4567,Q,GLN
189,4568,L,LEU
190,4569,T,THR
191,4570,V,VAL
192,4571,W,TRP
193,4572,G,GLY
194,4573,I,ILE
195,4574,K,LYS
196,4575,Q,GLN
197,4576,L,LEU
198,4577,Q,GLN
199,4578,A,ALA
200,4579,R,ARG
201,4580,I,ILE
202,4581,L,LEU
203,4582,A,ALA
