1,47,E,GLU
2,48,A,ALA
3,49,K,LYS
4,50,T,THR
5,51,T,THR
6,52,L,LEU
7,53,F,PHE
8,54,C,CYS
9,55,A,ALA
10,56,S,SER
11,57,D,ASP
12,58,A,ALA
13,59,K,LYS
14,60,A,ALA
15,61,Y,TYR
16,62,E,GLU
17,63,K,LYS
18,64,E,GLU
19,65,C,CYS
20,66,H,HIS
21,67,N,ASN
22,68,V,VAL
23,69,W,TRP
24,70,A,ALA
25,71,T,THR
26,72,H,HIS
27,73,A,ALA
28,74,C,CYS
29,75,V,VAL
30,76,P,PRO
31,77,T,THR
32,78,D,ASP
33,79,P,PRO
34,80,N,ASN
35,81,P,PRO
36,82,Q,GLN
37,83,E,GLU
38,84,V,VAL
39,85,V,VAL
40,86,L,LEU
41,87,E,GLU
42,88,Q,GLN
43,89,V,VAL
44,90,T,THR
45,91,E,GLU
46,92,N,ASN
47,93,F,PHE
48,94,N,ASN
49,95,M,MET
50,96,W,TRP
51,97,K,LYS
52,98,N,ASN
53,99,D,ASP
54,100,M,MET
55,101,V,VAL
56,102,D,ASP
57,103,Q,GLN
58,104,M,MET
59,105,Q,GLN
60,106,E,GLU
61,107,D,ASP
62,108,V,VAL
63,109,I,ILE
64,110,S,SER
65,111,I,ILE
66,112,W,TRP
67,113,D,ASP
68,114,Q,GLN
69,115,C,CYS
70,116,L,LEU
71,117,K,LYS
72,118,P,PRO
73,119,C,CYS
74,120,V,VAL
75,121,K,LYS
76,122,L,LEU
77,123,T,THR
78,124,N,ASN
79,198,T,THR
80,199,S,SER
81,200,T,THR
82,201,L,LEU
83,202,T,THR
84,203,Q,GLN
85,204,A,ALA
86,205,C,CYS
87,206,P,PRO
88,207,K,LYS
89,208,V,VAL
90,209,T,THR
91,210,F,PHE
92,211,D,ASP
93,212,P,PRO
94,213,I,ILE
95,214,P,PRO
96,215,I,ILE
97,216,H,HIS
98,217,Y,TYR
99,218,C,CYS
100,219,A,ALA
101,220,P,PRO
102,221,A,ALA
103,222,G,GLY
104,223,Y,TYR
105,224,A,ALA
106,225,I,ILE
107,226,L,LEU
108,227,K,LYS
109,228,C,CYS
110,229,N,ASN
111,230,N,ASN
112,231,K,LYS
113,232,T,THR
114,233,F,PHE
115,234,N,ASN
116,235,G,GLY
117,236,K,LYS
118,237,G,GLY
119,238,P,PRO
120,239,C,CYS
121,240,N,ASN
122,241,N,ASN
123,242,V,VAL
124,243,S,SER
125,244,T,THR
126,245,V,VAL
127,246,Q,GLN
128,247,C,CYS
129,248,T,THR
130,249,H,HIS
131,250,G,GLY
132,251,I,ILE
133,252,K,LYS
134,253,P,PRO
135,254,V,VAL
136,255,V,VAL
137,256,S,SER
138,257,T,THR
139,258,Q,GLN
140,259,L,LEU
141,260,L,LEU
142,261,L,LEU
143,262,N,ASN
144,263,G,GLY
145,264,S,SER
146,265,L,LEU
147,266,A,ALA
148,267,E,GLU
149,268,E,GLU
150,269,E,GLU
151,270,I,ILE
152,271,V,VAL
153,272,I,ILE
154,273,R,ARG
155,274,S,SER
156,275,K,LYS
157,276,N,ASN
158,277,L,LEU
159,278,R,ARG
160,279,D,ASP
161,280,N,ASN
162,281,A,ALA
163,282,K,LYS
164,283,I,ILE
165,284,I,ILE
166,285,I,ILE
167,286,V,VAL
168,287,Q,GLN
169,288,L,LEU
170,289,Q,GLN
171,290,K,LYS
172,291,S,SER
173,292,V,VAL
174,293,E,GLU
175,294,I,ILE
176,295,V,VAL
177,296,C,CYS
178,297,T,THR
179,298,R,ARG
180,299,P,PRO
181,300,N,ASN
182,301,N,ASN
183,324,G,GLY
184,325,D,ASP
185,326,I,ILE
186,327,R,ARG
187,328,Q,GLN
188,329,A,ALA
189,330,Y,TYR
190,331,C,CYS
191,332,Q,GLN
192,333,I,ILE
193,334,S,SER
194,335,G,GLY
195,336,R,ARG
196,337,N,ASN
197,338,W,TRP
198,339,S,SER
199,340,E,GLU
200,341,A,ALA
201,342,V,VAL
202,343,N,ASN
203,344,Q,GLN
204,345,V,VAL
205,346,K,LYS
206,347,K,LYS
207,348,K,LYS
208,349,L,LEU
209,350,K,LYS
210,351,E,GLU
211,352,H,HIS
212,353,F,PHE
213,354,P,PRO
214,355,H,HIS
215,356,K,LYS
216,357,N,ASN
217,358,I,ILE
218,359,S,SER
219,360,F,PHE
220,361,Q,GLN
221,362,S,SER
222,363,S,SER
223,364,S,SER
224,365,G,GLY
225,366,G,GLY
226,367,D,ASP
227,368,L,LEU
228,369,E,GLU
229,370,I,ILE
230,371,T,THR
231,372,T,THR
232,373,H,HIS
233,374,S,SER
234,375,F,PHE
235,376,N,ASN
236,377,C,CYS
237,378,G,GLY
238,379,G,GLY
239,380,E,GLU
240,381,F,PHE
241,382,F,PHE
242,383,Y,TYR
243,384,C,CYS
244,385,N,ASN
245,386,T,THR
246,387,S,SER
247,388,G,GLY
248,389,L,LEU
249,390,F,PHE
250,391,Q,GLN
251,392,D,ASP
252,393,T,THR
253,394,I,ILE
254,395,S,SER
255,396,N,ASN
256,412,A,ALA
257,413,T,THR
258,414,I,ILE
259,415,M,MET
260,416,L,LEU
261,417,P,PRO
262,418,C,CYS
263,419,R,ARG
264,420,I,ILE
265,421,K,LYS
266,422,Q,GLN
267,423,I,ILE
268,424,I,ILE
269,425,N,ASN
270,426,M,MET
271,427,W,TRP
272,428,Q,GLN
273,429,E,GLU
274,430,V,VAL
275,431,G,GLY
276,432,K,LYS
277,433,A,ALA
278,434,I,ILE
279,435,Y,TYR
280,436,A,ALA
281,437,P,PRO
282,438,P,PRO
283,439,I,ILE
284,440,K,LYS
285,441,G,GLY
286,442,Q,GLN
287,443,I,ILE
288,444,T,THR
289,445,C,CYS
290,446,K,LYS
291,447,S,SER
292,448,D,ASP
293,449,I,ILE
294,450,T,THR
295,451,G,GLY
296,452,L,LEU
297,453,L,LEU
298,454,L,LEU
299,455,L,LEU
300,456,R,ARG
301,457,D,ASP
302,458,G,GLY
303,459,G,GLY
304,460,D,ASP
305,461,T,THR
306,462,T,THR
307,463,D,ASP
308,464,N,ASN
309,465,T,THR
310,466,E,GLU
311,467,I,ILE
312,468,F,PHE
313,469,R,ARG
314,470,P,PRO
315,471,S,SER
316,472,G,GLY
317,473,G,GLY
318,474,D,ASP
319,475,M,MET
320,476,R,ARG
321,477,D,ASP
322,478,N,ASN
323,479,W,TRP
324,480,R,ARG
325,481,S,SER
326,482,E,GLU
327,483,L,LEU
328,484,Y,TYR
329,485,K,LYS
330,486,Y,TYR
331,487,K,LYS
332,488,V,VAL
333,489,V,VAL
334,490,E,GLU
335,491,I,ILE
336,492,K,LYS
