1,299,Y,TYR
2,300,V,VAL
3,301,M,MET
4,302,C,CYS
5,303,T,THR
6,304,G,GLY
7,305,S,SER
8,306,F,PHE
9,307,K,LYS
10,308,L,LEU
11,309,E,GLU
12,310,K,LYS
13,311,E,GLU
14,312,V,VAL
15,313,A,ALA
16,314,E,GLU
17,315,T,THR
18,316,Q,GLN
19,317,H,HIS
20,318,G,GLY
21,319,T,THR
22,320,V,VAL
23,321,L,LEU
24,322,V,VAL
25,323,Q,GLN
26,324,V,VAL
27,325,K,LYS
28,326,Y,TYR
29,327,E,GLU
30,328,G,GLY
31,329,T,THR
32,330,D,ASP
33,331,A,ALA
34,332,P,PRO
35,333,C,CYS
36,334,K,LYS
37,335,I,ILE
38,336,P,PRO
39,337,F,PHE
40,338,S,SER
41,339,T,THR
42,340,Q,GLN
43,341,D,ASP
44,342,E,GLU
45,343,K,LYS
46,344,G,GLY
47,345,A,ALA
48,346,T,THR
49,347,Q,GLN
50,348,N,ASN
51,349,G,GLY
52,350,R,ARG
53,351,L,LEU
54,352,I,ILE
55,353,T,THR
56,354,A,ALA
57,355,N,ASN
58,356,P,PRO
59,357,I,ILE
60,358,V,VAL
61,359,T,THR
62,360,D,ASP
63,361,K,LYS
64,362,E,GLU
65,363,K,LYS
66,364,P,PRO
67,365,V,VAL
68,366,N,ASN
69,367,I,ILE
70,368,E,GLU
71,369,A,ALA
72,370,E,GLU
73,371,P,PRO
74,372,P,PRO
75,373,F,PHE
76,374,G,GLY
77,375,E,GLU
78,376,S,SER
79,377,Y,TYR
80,378,I,ILE
81,379,V,VAL
82,380,V,VAL
83,381,G,GLY
84,382,A,ALA
85,383,G,GLY
86,384,E,GLU
87,385,K,LYS
88,386,A,ALA
89,387,L,LEU
90,388,K,LYS
91,389,L,LEU
92,390,S,SER
93,391,W,TRP
94,392,F,PHE
95,393,K,LYS
96,394,K,LYS
97,395,G,GLY
