1,8,D,ASP
2,9,P,PRO
3,10,G,GLY
4,11,D,ASP
5,12,Q,GLN
6,13,I,ILE
7,14,C,CYS
8,15,I,ILE
9,16,G,GLY
10,17,Y,TYR
11,18,H,HIS
12,19,A,ALA
13,20,N,ASN
14,21,N,ASN
15,22,S,SER
16,23,T,THR
17,24,E,GLU
18,25,Q,GLN
19,26,V,VAL
20,27,D,ASP
21,28,T,THR
22,29,I,ILE
23,30,M,MET
24,31,E,GLU
25,32,K,LYS
26,33,N,ASN
27,34,V,VAL
28,35,T,THR
29,36,V,VAL
30,37,T,THR
31,38,H,HIS
32,39,A,ALA
33,40,Q,GLN
34,41,D,ASP
35,42,I,ILE
36,43,L,LEU
37,44,E,GLU
38,45,K,LYS
39,46,K,LYS
40,47,H,HIS
41,48,N,ASN
42,49,G,GLY
43,50,K,LYS
44,51,L,LEU
45,52,C,CYS
46,53,D,ASP
47,54,L,LEU
48,55,D,ASP
49,56,G,GLY
50,57,V,VAL
51,58,K,LYS
52,59,P,PRO
53,60,L,LEU
54,61,I,ILE
55,62,L,LEU
56,63,R,ARG
57,64,D,ASP
58,65,C,CYS
59,66,S,SER
60,67,V,VAL
61,68,A,ALA
62,69,G,GLY
63,70,W,TRP
64,71,L,LEU
65,72,L,LEU
66,73,G,GLY
67,74,N,ASN
68,75,P,PRO
69,76,M,MET
70,77,C,CYS
71,78,D,ASP
72,79,E,GLU
73,80,F,PHE
74,81,I,ILE
75,82,N,ASN
76,83,V,VAL
77,84,P,PRO
78,85,E,GLU
79,86,W,TRP
80,87,S,SER
81,88,Y,TYR
82,89,I,ILE
83,90,V,VAL
84,91,E,GLU
85,92,K,LYS
86,93,A,ALA
87,94,N,ASN
88,95,P,PRO
89,96,V,VAL
90,97,N,ASN
91,98,D,ASP
92,99,L,LEU
93,100,C,CYS
94,101,Y,TYR
95,102,P,PRO
96,103,G,GLY
97,104,D,ASP
98,105,F,PHE
99,106,N,ASN
100,107,D,ASP
101,108,Y,TYR
102,109,E,GLU
103,110,E,GLU
104,111,L,LEU
105,112,K,LYS
106,113,H,HIS
107,114,L,LEU
108,115,L,LEU
109,116,S,SER
110,117,R,ARG
111,118,I,ILE
112,119,N,ASN
113,120,H,HIS
114,121,F,PHE
115,122,E,GLU
116,123,K,LYS
117,124,I,ILE
118,125,Q,GLN
119,126,I,ILE
120,127,I,ILE
121,128,P,PRO
122,129,K,LYS
123,130,S,SER
124,131,S,SER
125,132,W,TRP
126,133,S,SER
127,134,S,SER
128,135,H,HIS
129,136,E,GLU
130,137,A,ALA
131,138,S,SER
132,139,L,LEU
133,140,G,GLY
134,141,V,VAL
135,142,S,SER
136,143,S,SER
137,144,A,ALA
138,145,C,CYS
139,146,P,PRO
140,147,Y,TYR
141,148,Q,GLN
142,149,G,GLY
143,150,K,LYS
144,151,S,SER
145,152,S,SER
146,153,F,PHE
147,154,F,PHE
148,155,R,ARG
149,156,N,ASN
150,157,V,VAL
151,158,V,VAL
152,159,W,TRP
153,160,L,LEU
154,161,I,ILE
155,162,K,LYS
156,163,K,LYS
157,164,N,ASN
158,165,S,SER
159,166,T,THR
160,167,Y,TYR
161,168,P,PRO
162,169,T,THR
163,170,I,ILE
164,171,K,LYS
165,172,R,ARG
166,173,S,SER
167,174,Y,TYR
168,175,N,ASN
169,176,N,ASN
170,177,T,THR
171,178,N,ASN
172,179,Q,GLN
173,180,E,GLU
174,181,D,ASP
175,182,L,LEU
176,183,L,LEU
177,184,V,VAL
178,185,L,LEU
179,186,W,TRP
180,187,G,GLY
181,188,I,ILE
182,189,H,HIS
183,190,H,HIS
184,191,P,PRO
185,192,N,ASN
186,193,D,ASP
187,194,A,ALA
188,195,A,ALA
189,196,E,GLU
190,197,Q,GLN
191,198,T,THR
192,199,K,LYS
193,200,L,LEU
194,201,Y,TYR
195,202,Q,GLN
196,203,N,ASN
197,204,P,PRO
198,205,T,THR
199,206,T,THR
200,207,Y,TYR
201,208,I,ILE
202,209,S,SER
203,210,V,VAL
204,211,G,GLY
205,212,T,THR
206,213,S,SER
207,214,T,THR
208,215,L,LEU
209,216,N,ASN
210,217,Q,GLN
211,218,R,ARG
212,219,L,LEU
213,220,V,VAL
214,221,P,PRO
215,222,R,ARG
216,223,I,ILE
217,224,A,ALA
218,225,T,THR
219,226,R,ARG
220,227,S,SER
221,228,K,LYS
222,229,V,VAL
223,230,N,ASN
224,231,G,GLY
225,232,Q,GLN
226,233,S,SER
227,234,G,GLY
228,235,R,ARG
229,236,M,MET
230,237,E,GLU
231,238,F,PHE
232,239,F,PHE
233,240,W,TRP
234,241,T,THR
235,242,I,ILE
236,243,L,LEU
237,244,K,LYS
238,245,P,PRO
239,246,N,ASN
240,247,D,ASP
241,248,A,ALA
242,249,I,ILE
243,250,N,ASN
244,251,F,PHE
245,252,E,GLU
246,253,S,SER
247,254,N,ASN
248,255,G,GLY
249,256,N,ASN
250,257,F,PHE
251,258,I,ILE
252,259,A,ALA
253,260,P,PRO
254,261,E,GLU
255,262,Y,TYR
256,263,A,ALA
257,264,Y,TYR
258,265,K,LYS
259,266,I,ILE
260,267,V,VAL
261,268,K,LYS
262,269,K,LYS
263,270,G,GLY
264,271,D,ASP
265,272,S,SER
266,273,T,THR
267,274,I,ILE
268,275,M,MET
269,276,K,LYS
270,277,S,SER
271,278,E,GLU
272,279,L,LEU
273,280,E,GLU
274,281,Y,TYR
275,282,G,GLY
276,283,N,ASN
277,284,C,CYS
278,285,N,ASN
279,286,T,THR
280,287,K,LYS
281,288,C,CYS
282,289,Q,GLN
283,290,T,THR
284,291,P,PRO
285,292,M,MET
286,293,G,GLY
287,294,A,ALA
288,295,I,ILE
289,296,N,ASN
290,297,S,SER
291,298,S,SER
292,299,M,MET
293,300,P,PRO
294,301,F,PHE
295,302,H,HIS
296,303,N,ASN
297,304,I,ILE
298,305,H,HIS
299,306,P,PRO
300,307,L,LEU
301,308,T,THR
302,309,I,ILE
303,310,G,GLY
304,311,E,GLU
305,312,C,CYS
306,313,P,PRO
307,314,K,LYS
308,315,Y,TYR
309,316,V,VAL
310,317,K,LYS
311,318,S,SER
312,319,N,ASN
313,320,R,ARG
314,321,L,LEU
315,322,V,VAL
316,323,L,LEU
317,324,A,ALA
318,325,T,THR
319,326,G,GLY
320,327,L,LEU
321,328,R,ARG
322,329,N,ASN
323,330,S,SER
324,871,A,ALA
325,872,I,ILE
326,873,A,ALA
327,874,G,GLY
328,875,F,PHE
329,876,I,ILE
330,877,E,GLU
331,878,G,GLY
332,879,G,GLY
333,880,W,TRP
334,881,Q,GLN
335,882,G,GLY
336,883,M,MET
337,884,V,VAL
338,885,D,ASP
339,886,G,GLY
340,887,W,TRP
341,888,Y,TYR
342,889,G,GLY
343,890,Y,TYR
344,891,H,HIS
345,892,H,HIS
346,893,S,SER
347,894,N,ASN
348,895,E,GLU
349,896,Q,GLN
350,897,G,GLY
351,898,S,SER
352,899,G,GLY
353,900,Y,TYR
354,901,A,ALA
355,902,A,ALA
356,903,D,ASP
357,904,K,LYS
358,905,E,GLU
359,906,S,SER
360,907,T,THR
361,908,Q,GLN
362,909,K,LYS
363,910,A,ALA
364,911,I,ILE
365,912,D,ASP
366,913,G,GLY
367,914,V,VAL
368,915,T,THR
369,916,N,ASN
370,917,K,LYS
371,918,V,VAL
372,919,N,ASN
373,920,S,SER
374,921,I,ILE
375,922,I,ILE
376,923,D,ASP
377,924,K,LYS
378,925,M,MET
379,926,N,ASN
380,927,T,THR
381,928,Q,GLN
382,929,F,PHE
383,930,E,GLU
384,931,A,ALA
385,932,V,VAL
386,933,G,GLY
387,934,R,ARG
388,935,E,GLU
389,936,F,PHE
390,937,N,ASN
391,938,N,ASN
392,939,L,LEU
393,940,E,GLU
394,941,R,ARG
395,942,R,ARG
396,943,I,ILE
397,944,E,GLU
398,945,N,ASN
399,946,L,LEU
400,947,N,ASN
401,948,K,LYS
402,949,K,LYS
403,950,M,MET
404,951,E,GLU
405,952,D,ASP
406,953,G,GLY
407,954,F,PHE
408,955,L,LEU
409,956,D,ASP
410,957,V,VAL
411,958,W,TRP
412,959,T,THR
413,960,Y,TYR
414,961,N,ASN
415,962,A,ALA
416,963,E,GLU
417,964,L,LEU
418,965,L,LEU
419,966,V,VAL
420,967,L,LEU
421,968,M,MET
422,969,E,GLU
423,970,N,ASN
424,971,E,GLU
425,972,R,ARG
426,973,T,THR
427,974,L,LEU
428,975,D,ASP
429,976,F,PHE
430,977,H,HIS
431,978,D,ASP
432,979,S,SER
433,980,N,ASN
434,981,V,VAL
435,982,K,LYS
436,983,N,ASN
437,984,L,LEU
438,985,Y,TYR
439,986,D,ASP
440,987,K,LYS
441,988,V,VAL
442,989,R,ARG
443,990,L,LEU
444,991,Q,GLN
445,992,L,LEU
446,993,R,ARG
447,994,D,ASP
448,995,N,ASN
449,996,A,ALA
450,997,K,LYS
451,998,E,GLU
452,999,L,LEU
453,1000,G,GLY
454,1001,N,ASN
455,1002,G,GLY
456,1003,C,CYS
457,1004,F,PHE
458,1005,E,GLU
459,1006,F,PHE
460,1007,Y,TYR
461,1008,H,HIS
462,1009,K,LYS
463,1010,C,CYS
464,1011,D,ASP
465,1012,N,ASN
466,1013,E,GLU
467,1014,C,CYS
468,1015,M,MET
469,1016,E,GLU
470,1017,S,SER
471,1018,V,VAL
472,1019,R,ARG
473,1020,N,ASN
474,1021,G,GLY
475,1022,T,THR
476,1023,Y,TYR
477,1024,D,ASP
478,1025,Y,TYR
479,1026,P,PRO
480,1027,Q,GLN
481,1028,Y,TYR
482,1029,S,SER
483,1030,E,GLU
484,1031,E,GLU
485,1032,A,ALA
486,1033,R,ARG
487,1034,L,LEU
488,1035,K,LYS
489,1036,R,ARG
490,1037,E,GLU
491,1038,E,GLU
