1,1,D,ASP
2,2,T,THR
3,3,I,ILE
4,4,T,THR
5,5,L,LEU
6,6,P,PRO
7,7,C,CYS
8,8,R,ARG
9,9,P,PRO
10,10,A,ALA
11,11,P,PRO
12,12,P,PRO
13,13,P,PRO
14,14,H,HIS
15,15,C,CYS
16,16,S,SER
17,17,S,SER
18,18,N,ASN
19,19,I,ILE
20,20,T,THR
21,21,G,GLY
22,22,L,LEU
23,23,I,ILE
24,24,L,LEU
25,25,T,THR
26,26,R,ARG
27,27,D,ASP
28,28,G,GLY
29,29,G,GLY
30,30,V,VAL
31,31,S,SER
32,32,N,ASN
33,33,D,ASP
34,34,E,GLU
35,35,T,THR
36,36,E,GLU
37,37,I,ILE
38,38,F,PHE
39,39,R,ARG
40,40,P,PRO
41,41,S,SER
42,42,G,GLY
43,43,G,GLY
44,44,D,ASP
45,45,M,MET
46,46,R,ARG
47,47,D,ASP
48,48,I,ILE
49,49,A,ALA
50,50,R,ARG
51,51,C,CYS
52,52,Q,GLN
53,53,I,ILE
54,54,A,ALA
55,55,G,GLY
56,56,T,THR
57,57,V,VAL
58,58,V,VAL
59,59,S,SER
60,60,T,THR
61,61,Q,GLN
62,62,L,LEU
63,63,F,PHE
64,64,L,LEU
65,65,N,ASN
66,66,G,GLY
67,67,S,SER
68,68,L,LEU
69,69,A,ALA
70,70,E,GLU
71,71,E,GLU
72,72,E,GLU
73,73,V,VAL
74,74,V,VAL
75,75,I,ILE
76,76,R,ARG
77,77,S,SER
78,78,V,VAL
79,79,D,ASP
80,80,F,PHE
81,81,R,ARG
82,82,D,ASP
83,83,N,ASN
84,84,A,ALA
85,85,K,LYS
86,86,S,SER
87,87,I,ILE
88,88,C,CYS
89,89,V,VAL
90,90,Q,GLN
91,91,L,LEU
92,92,D,ASP
93,93,T,THR
94,94,S,SER
95,95,V,VAL
96,96,E,GLU
97,97,I,ILE
98,98,D,ASP
99,99,C,CYS
100,100,T,THR
101,101,G,GLY
102,102,A,ALA
103,103,G,GLY
104,104,H,HIS
105,105,C,CYS
106,106,D,ASP
107,107,I,ILE
108,108,S,SER
109,109,R,ARG
110,110,A,ALA
111,111,K,LYS
112,112,W,TRP
113,113,D,ASP
114,114,N,ASN
115,115,T,THR
116,116,L,LEU
117,117,K,LYS
118,118,Q,GLN
119,119,I,ILE
120,120,A,ALA
121,121,S,SER
122,122,K,LYS
123,123,L,LEU
124,124,R,ARG
125,125,E,GLU
126,126,Q,GLN
127,127,F,PHE
128,128,G,GLY
129,129,D,ASP
130,130,R,ARG
131,131,T,THR
132,132,I,ILE
133,133,I,ILE
134,134,F,PHE
135,135,K,LYS
136,136,Q,GLN
137,137,S,SER
138,138,S,SER
139,139,G,GLY
140,140,G,GLY
141,141,D,ASP
142,142,P,PRO
143,143,E,GLU
144,144,F,PHE
145,145,V,VAL
146,146,T,THR
147,147,H,HIS
148,148,S,SER
149,149,F,PHE
150,150,N,ASN
151,151,C,CYS
152,152,G,GLY
153,153,G,GLY
154,154,E,GLU
155,155,F,PHE
156,156,F,PHE
157,157,Y,TYR
158,158,C,CYS
159,159,D,ASP
160,160,S,SER
161,161,T,THR
162,162,Q,GLN
163,163,L,LEU
164,164,F,PHE
165,165,D,ASP
166,166,S,SER
167,167,T,THR
168,168,W,TRP
169,169,F,PHE
170,170,D,ASP
