1,1,I,ILE
2,2,R,ARG
3,3,C,CYS
4,4,I,ILE
5,5,G,GLY
6,6,V,VAL
7,7,S,SER
8,8,N,ASN
9,9,R,ARG
10,10,D,ASP
11,11,F,PHE
12,12,V,VAL
13,13,E,GLU
14,14,G,GLY
15,15,M,MET
16,16,S,SER
17,17,G,GLY
18,18,G,GLY
19,19,T,THR
20,20,W,TRP
21,21,V,VAL
22,22,D,ASP
23,23,V,VAL
24,24,V,VAL
25,25,L,LEU
26,26,E,GLU
27,27,H,HIS
28,28,G,GLY
29,29,G,GLY
30,30,C,CYS
31,31,V,VAL
32,32,T,THR
33,33,V,VAL
34,34,M,MET
35,35,A,ALA
36,36,Q,GLN
37,37,D,ASP
38,38,K,LYS
39,39,P,PRO
40,40,T,THR
41,41,V,VAL
42,42,D,ASP
43,43,I,ILE
44,44,E,GLU
45,45,L,LEU
46,46,V,VAL
47,47,T,THR
48,48,T,THR
49,49,T,THR
50,50,V,VAL
51,51,S,SER
52,52,N,ASN
53,53,M,MET
54,54,A,ALA
55,55,E,GLU
56,56,V,VAL
57,57,R,ARG
58,58,S,SER
59,59,Y,TYR
60,60,C,CYS
61,61,Y,TYR
62,62,E,GLU
63,63,A,ALA
64,64,S,SER
65,65,I,ILE
66,66,S,SER
67,67,D,ASP
68,68,M,MET
69,69,A,ALA
70,70,S,SER
71,71,D,ASP
72,72,S,SER
73,73,R,ARG
74,74,C,CYS
75,75,P,PRO
76,76,T,THR
77,77,Q,GLN
78,78,G,GLY
79,79,E,GLU
80,80,A,ALA
81,81,Y,TYR
82,82,L,LEU
83,83,D,ASP
84,84,K,LYS
85,85,Q,GLN
86,86,S,SER
87,87,D,ASP
88,88,T,THR
89,89,Q,GLN
90,90,Y,TYR
91,91,V,VAL
92,92,C,CYS
93,93,K,LYS
94,94,R,ARG
95,95,T,THR
96,96,L,LEU
97,97,V,VAL
98,98,D,ASP
99,99,R,ARG
100,100,G,GLY
101,101,W,TRP
102,102,G,GLY
103,103,N,ASN
104,104,G,GLY
105,105,C,CYS
106,106,G,GLY
107,107,L,LEU
108,108,F,PHE
109,109,G,GLY
110,110,K,LYS
111,111,G,GLY
112,112,S,SER
113,113,L,LEU
114,114,V,VAL
115,115,T,THR
116,116,C,CYS
117,117,A,ALA
118,118,K,LYS
119,119,F,PHE
120,120,A,ALA
121,121,C,CYS
122,122,S,SER
123,123,K,LYS
124,124,K,LYS
125,125,M,MET
126,126,T,THR
127,127,G,GLY
128,128,K,LYS
129,129,S,SER
130,130,I,ILE
131,131,Q,GLN
132,132,P,PRO
133,133,E,GLU
134,134,N,ASN
135,135,L,LEU
136,136,E,GLU
137,137,Y,TYR
138,138,R,ARG
139,139,I,ILE
140,140,M,MET
141,141,L,LEU
142,142,S,SER
143,143,V,VAL
144,144,H,HIS
145,163,N,ASN
146,164,R,ARG
147,165,A,ALA
148,166,K,LYS
149,167,V,VAL
150,168,E,GLU
151,169,I,ILE
152,170,T,THR
153,171,P,PRO
154,172,N,ASN
155,173,S,SER
156,174,P,PRO
157,175,R,ARG
158,176,A,ALA
159,177,E,GLU
160,178,A,ALA
161,179,T,THR
162,180,L,LEU
163,181,G,GLY
164,182,G,GLY
165,183,F,PHE
166,184,G,GLY
167,185,S,SER
168,186,L,LEU
169,187,G,GLY
170,188,L,LEU
171,189,D,ASP
172,190,C,CYS
173,191,E,GLU
174,192,P,PRO
175,193,R,ARG
176,194,T,THR
177,195,G,GLY
178,196,L,LEU
179,197,D,ASP
180,198,F,PHE
181,199,S,SER
182,200,D,ASP
183,201,L,LEU
184,202,Y,TYR
185,203,Y,TYR
186,204,L,LEU
187,205,T,THR
188,206,M,MET
189,207,N,ASN
190,208,N,ASN
191,209,K,LYS
192,210,H,HIS
193,211,W,TRP
194,212,L,LEU
195,213,V,VAL
196,214,H,HIS
197,215,K,LYS
198,216,E,GLU
199,217,W,TRP
200,218,F,PHE
201,219,H,HIS
202,220,D,ASP
203,221,I,ILE
204,222,P,PRO
205,223,L,LEU
206,224,P,PRO
207,225,W,TRP
208,226,H,HIS
209,227,A,ALA
210,228,G,GLY
211,229,A,ALA
212,230,D,ASP
213,231,T,THR
214,232,G,GLY
215,233,T,THR
216,234,P,PRO
217,235,H,HIS
218,236,W,TRP
219,237,N,ASN
220,238,N,ASN
221,239,K,LYS
222,240,E,GLU
223,241,A,ALA
224,242,L,LEU
225,243,V,VAL
226,244,E,GLU
227,245,F,PHE
228,246,K,LYS
229,247,D,ASP
230,248,A,ALA
231,249,H,HIS
232,250,A,ALA
233,251,K,LYS
234,252,R,ARG
235,253,Q,GLN
236,254,T,THR
237,255,V,VAL
238,256,V,VAL
239,257,V,VAL
240,258,L,LEU
241,259,G,GLY
242,260,S,SER
243,261,Q,GLN
244,262,E,GLU
245,263,G,GLY
246,264,A,ALA
247,265,V,VAL
248,266,H,HIS
249,267,T,THR
250,268,A,ALA
251,269,L,LEU
252,270,A,ALA
253,271,G,GLY
254,272,A,ALA
255,273,L,LEU
256,274,E,GLU
257,275,A,ALA
258,276,E,GLU
259,277,M,MET
260,278,D,ASP
261,279,G,GLY
262,280,A,ALA
263,281,K,LYS
264,282,G,GLY
265,283,R,ARG
266,284,L,LEU
267,285,S,SER
268,286,S,SER
269,287,G,GLY
270,288,H,HIS
271,289,L,LEU
272,290,K,LYS
273,291,C,CYS
274,292,R,ARG
275,293,L,LEU
276,294,K,LYS
277,295,M,MET
278,296,D,ASP
279,297,K,LYS
280,298,L,LEU
281,299,R,ARG
282,300,L,LEU
283,301,K,LYS
284,302,G,GLY
285,303,V,VAL
286,304,S,SER
287,305,Y,TYR
288,306,S,SER
289,307,L,LEU
290,308,C,CYS
291,309,T,THR
292,310,A,ALA
293,311,A,ALA
294,312,F,PHE
295,313,T,THR
296,314,F,PHE
297,315,T,THR
298,316,K,LYS
299,317,I,ILE
300,318,P,PRO
301,319,A,ALA
302,320,E,GLU
303,321,T,THR
304,322,L,LEU
305,323,H,HIS
306,324,G,GLY
307,325,T,THR
308,326,V,VAL
309,327,T,THR
310,328,V,VAL
311,329,E,GLU
312,330,V,VAL
313,331,Q,GLN
314,332,Y,TYR
315,333,A,ALA
316,334,G,GLY
317,335,T,THR
318,336,D,ASP
319,337,G,GLY
320,338,P,PRO
321,339,C,CYS
322,340,K,LYS
323,341,V,VAL
324,342,P,PRO
325,343,A,ALA
326,344,Q,GLN
327,345,M,MET
328,346,A,ALA
329,347,V,VAL
330,348,D,ASP
331,349,M,MET
332,350,Q,GLN
333,351,T,THR
334,352,L,LEU
335,353,T,THR
336,354,P,PRO
337,355,V,VAL
338,356,G,GLY
339,357,R,ARG
340,358,L,LEU
341,359,I,ILE
342,360,T,THR
343,361,A,ALA
344,362,N,ASN
345,363,P,PRO
346,364,V,VAL
347,365,I,ILE
348,366,T,THR
349,367,E,GLU
350,368,S,SER
351,369,T,THR
352,370,E,GLU
353,371,N,ASN
354,372,S,SER
355,373,K,LYS
356,374,M,MET
357,375,M,MET
358,376,L,LEU
359,377,E,GLU
360,378,L,LEU
361,379,D,ASP
362,380,P,PRO
363,381,P,PRO
364,382,F,PHE
365,383,G,GLY
366,384,D,ASP
367,385,S,SER
368,386,Y,TYR
369,387,I,ILE
370,388,V,VAL
371,389,I,ILE
372,390,G,GLY
373,391,V,VAL
374,392,G,GLY
375,393,E,GLU
376,394,K,LYS
377,395,K,LYS
378,396,I,ILE
379,397,T,THR
380,398,H,HIS
381,399,H,HIS
382,400,W,TRP
383,401,H,HIS
384,402,R,ARG
385,403,S,SER
