1,1,G,GLY
2,2,V,VAL
3,3,F,PHE
4,4,N,ASN
5,5,Y,TYR
6,6,E,GLU
7,7,T,THR
8,8,E,GLU
9,9,T,THR
10,10,T,THR
11,11,S,SER
12,12,V,VAL
13,13,I,ILE
14,14,P,PRO
15,15,A,ALA
16,16,A,ALA
17,17,R,ARG
18,18,L,LEU
19,19,F,PHE
20,20,K,LYS
21,21,A,ALA
22,22,F,PHE
23,23,I,ILE
24,24,L,LEU
25,25,D,ASP
26,26,G,GLY
27,27,D,ASP
28,28,N,ASN
29,29,L,LEU
30,30,F,PHE
31,31,P,PRO
32,32,K,LYS
33,33,V,VAL
34,34,A,ALA
35,35,P,PRO
36,36,Q,GLN
37,37,A,ALA
38,38,I,ILE
39,39,S,SER
40,40,S,SER
41,41,V,VAL
42,42,E,GLU
43,43,N,ASN
44,44,I,ILE
45,45,E,GLU
46,46,G,GLY
47,47,N,ASN
48,48,G,GLY
49,49,G,GLY
50,50,P,PRO
51,51,G,GLY
52,52,T,THR
53,53,I,ILE
54,54,K,LYS
55,55,K,LYS
56,56,I,ILE
57,57,S,SER
58,58,F,PHE
59,59,P,PRO
60,60,E,GLU
61,61,G,GLY
62,62,L,LEU
63,63,P,PRO
64,64,F,PHE
65,65,K,LYS
66,66,Y,TYR
67,67,V,VAL
68,68,K,LYS
69,69,D,ASP
70,70,R,ARG
71,71,V,VAL
72,72,D,ASP
73,73,E,GLU
74,74,V,VAL
75,75,D,ASP
76,76,H,HIS
77,77,T,THR
78,78,N,ASN
79,79,F,PHE
80,80,K,LYS
81,81,Y,TYR
82,82,N,ASN
83,83,Y,TYR
84,84,S,SER
85,85,V,VAL
86,86,I,ILE
87,87,E,GLU
88,88,G,GLY
89,89,G,GLY
90,90,P,PRO
91,91,I,ILE
92,92,G,GLY
93,93,D,ASP
94,94,T,THR
95,95,L,LEU
96,96,E,GLU
97,97,K,LYS
98,98,I,ILE
99,99,S,SER
100,100,N,ASN
101,101,E,GLU
102,102,I,ILE
103,103,K,LYS
104,104,I,ILE
105,105,V,VAL
106,106,A,ALA
107,107,T,THR
108,108,P,PRO
109,109,D,ASP
110,110,G,GLY
111,111,G,GLY
112,112,S,SER
113,113,I,ILE
114,114,L,LEU
115,115,K,LYS
116,116,I,ILE
117,117,S,SER
118,118,N,ASN
119,119,K,LYS
120,120,Y,TYR
121,121,H,HIS
122,122,T,THR
123,123,K,LYS
124,124,G,GLY
125,125,D,ASP
126,126,H,HIS
127,127,E,GLU
128,128,V,VAL
129,129,K,LYS
130,130,A,ALA
131,131,E,GLU
132,132,Q,GLN
133,133,V,VAL
134,134,K,LYS
135,135,A,ALA
136,136,S,SER
137,137,K,LYS
138,138,E,GLU
139,139,M,MET
140,140,G,GLY
141,141,E,GLU
142,142,T,THR
143,143,L,LEU
144,144,L,LEU
145,145,R,ARG
146,146,A,ALA
147,147,V,VAL
148,148,E,GLU
149,149,S,SER
150,150,Y,TYR
151,151,L,LEU
152,152,L,LEU
153,153,A,ALA
154,154,H,HIS
155,155,S,SER
156,156,D,ASP
157,157,A,ALA
158,158,Y,TYR
159,159,N,ASN
