1,1,P,PRO
2,2,F,PHE
3,3,V,VAL
4,4,N,ASN
5,5,K,LYS
6,6,Q,GLN
7,7,F,PHE
8,8,N,ASN
9,9,Y,TYR
10,10,K,LYS
11,11,D,ASP
12,12,P,PRO
13,13,V,VAL
14,14,N,ASN
15,15,G,GLY
16,16,V,VAL
17,17,D,ASP
18,18,I,ILE
19,19,A,ALA
20,20,Y,TYR
21,21,I,ILE
22,22,K,LYS
23,23,I,ILE
24,24,P,PRO
25,25,N,ASN
26,26,V,VAL
27,27,G,GLY
28,28,Q,GLN
29,29,M,MET
30,30,Q,GLN
31,31,P,PRO
32,32,V,VAL
33,33,K,LYS
34,34,A,ALA
35,35,F,PHE
36,36,K,LYS
37,37,I,ILE
38,38,H,HIS
39,39,N,ASN
40,40,K,LYS
41,41,I,ILE
42,42,W,TRP
43,43,V,VAL
44,44,I,ILE
45,45,P,PRO
46,46,E,GLU
47,47,R,ARG
48,48,D,ASP
49,49,T,THR
50,50,F,PHE
51,51,T,THR
52,52,N,ASN
53,53,P,PRO
54,54,E,GLU
55,55,E,GLU
56,56,G,GLY
57,57,D,ASP
58,58,L,LEU
59,59,N,ASN
60,60,P,PRO
61,61,P,PRO
62,62,P,PRO
63,63,E,GLU
64,64,A,ALA
65,65,K,LYS
66,66,Q,GLN
67,67,V,VAL
68,68,P,PRO
69,69,V,VAL
70,70,S,SER
71,71,Y,TYR
72,72,Y,TYR
73,73,D,ASP
74,74,S,SER
75,75,T,THR
76,76,Y,TYR
77,77,L,LEU
78,78,S,SER
79,79,T,THR
80,80,D,ASP
81,81,N,ASN
82,82,E,GLU
83,83,K,LYS
84,84,D,ASP
85,85,N,ASN
86,86,Y,TYR
87,87,L,LEU
88,88,K,LYS
89,89,G,GLY
90,90,V,VAL
91,91,T,THR
92,92,K,LYS
93,93,L,LEU
94,94,F,PHE
95,95,E,GLU
96,96,R,ARG
97,97,I,ILE
98,98,Y,TYR
99,99,S,SER
100,100,T,THR
101,101,D,ASP
102,102,L,LEU
103,103,G,GLY
104,104,R,ARG
105,105,M,MET
106,106,L,LEU
107,107,L,LEU
108,108,T,THR
109,109,S,SER
110,110,I,ILE
111,111,V,VAL
112,112,R,ARG
113,113,G,GLY
114,114,I,ILE
115,115,P,PRO
116,116,F,PHE
117,117,W,TRP
118,118,G,GLY
119,119,G,GLY
120,120,S,SER
121,121,T,THR
122,122,I,ILE
123,123,D,ASP
124,124,T,THR
125,125,E,GLU
126,126,L,LEU
127,127,K,LYS
128,128,V,VAL
129,129,I,ILE
130,130,D,ASP
131,131,T,THR
132,132,N,ASN
133,133,C,CYS
134,134,I,ILE
135,135,N,ASN
136,136,V,VAL
137,137,I,ILE
138,138,Q,GLN
139,139,P,PRO
140,140,D,ASP
141,141,G,GLY
142,142,S,SER
143,143,Y,TYR
144,144,R,ARG
145,145,S,SER
146,146,E,GLU
147,147,E,GLU
148,148,L,LEU
149,149,N,ASN
150,150,L,LEU
151,151,V,VAL
152,152,I,ILE
153,153,I,ILE
154,154,G,GLY
155,155,P,PRO
156,156,S,SER
157,157,A,ALA
158,158,D,ASP
159,159,I,ILE
160,160,I,ILE
161,161,Q,GLN
162,162,F,PHE
163,163,E,GLU
164,164,C,CYS
165,165,K,LYS
166,166,S,SER
167,167,F,PHE
168,168,G,GLY
169,169,H,HIS
170,170,E,GLU
171,171,V,VAL
172,172,L,LEU
173,173,N,ASN
174,174,L,LEU
175,175,T,THR
176,176,R,ARG
177,177,N,ASN
178,178,G,GLY
179,179,Y,TYR
180,180,G,GLY
181,181,S,SER
182,182,T,THR
183,183,Q,GLN
184,184,Y,TYR
185,185,I,ILE
186,186,R,ARG
187,187,F,PHE
188,188,S,SER
189,189,P,PRO
190,190,D,ASP
191,191,F,PHE
192,192,T,THR
193,193,F,PHE
194,194,G,GLY
195,195,F,PHE
196,196,E,GLU
197,197,E,GLU
198,198,S,SER
199,199,L,LEU
200,200,E,GLU
201,201,V,VAL
202,202,D,ASP
203,203,T,THR
204,204,N,ASN
205,205,P,PRO
206,206,L,LEU
207,207,L,LEU
208,208,G,GLY
209,209,A,ALA
210,210,G,GLY
211,211,K,LYS
212,212,F,PHE
213,213,A,ALA
214,214,T,THR
215,215,D,ASP
216,216,P,PRO
217,217,A,ALA
218,218,V,VAL
219,219,T,THR
220,220,L,LEU
221,221,A,ALA
222,222,H,HIS
223,223,E,GLU
224,224,L,LEU
225,225,I,ILE
226,226,H,HIS
227,227,A,ALA
228,228,G,GLY
229,229,H,HIS
230,230,R,ARG
231,231,L,LEU
232,232,Y,TYR
233,233,G,GLY
234,234,I,ILE
235,235,A,ALA
236,236,I,ILE
237,237,N,ASN
238,238,P,PRO
239,239,N,ASN
240,240,R,ARG
241,241,V,VAL
242,242,F,PHE
243,243,K,LYS
244,244,V,VAL
245,245,N,ASN
246,246,T,THR
247,247,N,ASN
248,248,A,ALA
249,249,Y,TYR
250,250,Y,TYR
251,251,E,GLU
252,252,M,MET
253,253,S,SER
254,254,G,GLY
255,255,L,LEU
256,256,E,GLU
257,257,V,VAL
258,258,S,SER
259,259,F,PHE
260,260,E,GLU
261,261,E,GLU
262,262,L,LEU
263,263,R,ARG
264,264,T,THR
265,265,F,PHE
266,266,G,GLY
267,267,G,GLY
268,268,H,HIS
269,269,D,ASP
270,270,A,ALA
271,271,K,LYS
272,272,F,PHE
273,273,I,ILE
274,274,D,ASP
275,275,S,SER
276,276,L,LEU
277,277,Q,GLN
278,278,E,GLU
279,279,N,ASN
280,280,E,GLU
281,281,F,PHE
282,282,R,ARG
283,283,L,LEU
284,284,Y,TYR
285,285,Y,TYR
286,286,Y,TYR
287,287,N,ASN
288,288,K,LYS
289,289,F,PHE
290,290,K,LYS
291,291,D,ASP
292,292,I,ILE
293,293,A,ALA
294,294,S,SER
295,295,T,THR
296,296,L,LEU
297,297,N,ASN
298,298,K,LYS
299,299,A,ALA
300,300,K,LYS
301,301,S,SER
302,302,I,ILE
303,303,V,VAL
304,304,G,GLY
305,305,T,THR
306,306,T,THR
307,307,A,ALA
308,308,S,SER
309,309,L,LEU
310,310,Q,GLN
311,311,Y,TYR
312,312,M,MET
313,313,K,LYS
314,314,N,ASN
315,315,V,VAL
316,316,F,PHE
317,317,K,LYS
318,318,E,GLU
319,319,K,LYS
320,320,Y,TYR
321,321,L,LEU
322,322,L,LEU
323,323,S,SER
324,324,E,GLU
325,325,D,ASP
326,326,T,THR
327,327,S,SER
328,328,G,GLY
329,329,K,LYS
330,330,F,PHE
331,331,S,SER
332,332,V,VAL
333,333,D,ASP
334,334,K,LYS
335,335,L,LEU
336,336,K,LYS
337,337,F,PHE
338,338,D,ASP
339,339,K,LYS
340,340,L,LEU
341,341,Y,TYR
342,342,K,LYS
343,343,M,MET
344,344,L,LEU
345,345,T,THR
346,346,E,GLU
347,347,I,ILE
348,348,Y,TYR
349,349,T,THR
350,350,E,GLU
351,351,D,ASP
352,352,N,ASN
353,353,F,PHE
354,354,V,VAL
355,355,K,LYS
356,356,F,PHE
357,357,F,PHE
358,358,K,LYS
359,359,V,VAL
360,360,L,LEU
361,361,N,ASN
362,362,R,ARG
363,363,K,LYS
364,364,T,THR
365,365,Y,TYR
366,366,L,LEU
367,367,N,ASN
368,368,F,PHE
369,369,D,ASP
370,370,K,LYS
371,371,A,ALA
372,372,V,VAL
373,373,F,PHE
374,374,K,LYS
375,375,I,ILE
376,376,N,ASN
377,377,I,ILE
378,378,V,VAL
379,379,P,PRO
380,380,K,LYS
381,381,V,VAL
382,382,N,ASN
383,383,Y,TYR
384,384,T,THR
385,385,I,ILE
386,386,Y,TYR
387,387,D,ASP
388,388,G,GLY
389,389,F,PHE
390,390,N,ASN
391,391,L,LEU
392,392,R,ARG
393,393,N,ASN
394,394,T,THR
395,395,N,ASN
396,396,L,LEU
397,397,A,ALA
398,398,A,ALA
399,399,N,ASN
400,400,F,PHE
401,401,N,ASN
402,402,G,GLY
403,403,Q,GLN
404,404,N,ASN
405,405,T,THR
406,406,E,GLU
407,407,I,ILE
408,408,N,ASN
409,409,N,ASN
410,410,M,MET
411,411,N,ASN
412,412,F,PHE
413,413,T,THR
414,414,K,LYS
415,415,L,LEU
416,416,K,LYS
417,417,N,ASN
418,418,F,PHE
419,419,T,THR
420,420,G,GLY
421,421,L,LEU
422,422,F,PHE
423,423,E,GLU
424,424,F,PHE
425,425,Y,TYR
426,426,K,LYS
427,427,L,LEU
428,428,L,LEU
429,429,C,CYS
430,430,V,VAL
431,431,R,ARG
432,450,N,ASN
433,451,D,ASP
434,452,L,LEU
435,453,C,CYS
436,454,I,ILE
437,455,K,LYS
438,456,V,VAL
439,457,N,ASN
440,458,N,ASN
441,459,W,TRP
442,460,D,ASP
443,461,L,LEU
444,462,F,PHE
445,463,F,PHE
446,464,S,SER
447,465,P,PRO
448,466,S,SER
449,467,E,GLU
450,468,D,ASP
451,469,N,ASN
452,470,F,PHE
453,471,T,THR
454,472,N,ASN
455,473,D,ASP
456,474,L,LEU
457,475,N,ASN
458,476,K,LYS
459,477,G,GLY
460,478,E,GLU
461,479,E,GLU
462,480,I,ILE
463,481,T,THR
464,482,S,SER
465,483,D,ASP
466,484,T,THR
467,485,N,ASN
468,486,I,ILE
469,487,E,GLU
470,488,A,ALA
471,489,A,ALA
472,490,E,GLU
473,491,E,GLU
474,492,N,ASN
475,493,I,ILE
476,494,S,SER
477,495,L,LEU
478,496,D,ASP
479,497,L,LEU
480,498,I,ILE
481,499,Q,GLN
482,500,Q,GLN
483,501,Y,TYR
484,502,Y,TYR
485,503,L,LEU
486,504,T,THR
487,505,F,PHE
488,506,N,ASN
489,507,F,PHE
490,508,D,ASP
491,509,N,ASN
492,510,E,GLU
493,511,P,PRO
494,512,E,GLU
495,513,N,ASN
496,514,I,ILE
497,515,S,SER
498,516,I,ILE
499,517,E,GLU
500,518,N,ASN
501,519,L,LEU
502,520,S,SER
503,521,S,SER
504,522,D,ASP
505,523,I,ILE
506,524,I,ILE
507,525,G,GLY
508,526,Q,GLN
509,527,L,LEU
510,528,E,GLU
511,529,L,LEU
512,530,M,MET
513,531,P,PRO
514,532,N,ASN
515,533,I,ILE
516,534,E,GLU
517,535,R,ARG
518,536,F,PHE
519,537,P,PRO
520,538,N,ASN
521,539,G,GLY
522,540,K,LYS
523,541,K,LYS
524,542,Y,TYR
525,543,E,GLU
526,544,L,LEU
527,545,D,ASP
528,546,K,LYS
529,547,Y,TYR
530,548,T,THR
531,549,M,MET
532,550,F,PHE
533,551,H,HIS
534,552,Y,TYR
535,553,L,LEU
536,554,R,ARG
537,555,A,ALA
538,556,Q,GLN
539,557,E,GLU
540,558,F,PHE
541,559,E,GLU
542,560,H,HIS
543,561,G,GLY
544,562,K,LYS
545,563,S,SER
546,564,R,ARG
547,565,I,ILE
548,566,A,ALA
549,567,L,LEU
550,568,T,THR
551,569,N,ASN
552,570,S,SER
553,571,V,VAL
554,572,N,ASN
555,573,E,GLU
556,574,A,ALA
557,575,L,LEU
558,576,L,LEU
559,577,N,ASN
560,578,P,PRO
561,579,S,SER
562,580,R,ARG
563,581,V,VAL
564,582,Y,TYR
565,583,T,THR
566,584,F,PHE
567,585,F,PHE
568,586,S,SER
569,587,S,SER
570,588,D,ASP
571,589,Y,TYR
572,590,V,VAL
573,591,K,LYS
574,592,K,LYS
575,593,V,VAL
576,594,N,ASN
577,595,K,LYS
578,596,A,ALA
579,597,T,THR
580,598,E,GLU
581,599,A,ALA
582,600,A,ALA
583,601,M,MET
584,602,F,PHE
585,603,L,LEU
586,604,G,GLY
587,605,W,TRP
588,606,V,VAL
589,607,E,GLU
590,608,Q,GLN
591,609,L,LEU
592,610,V,VAL
593,611,Y,TYR
594,612,D,ASP
595,613,F,PHE
596,614,T,THR
597,615,D,ASP
598,616,E,GLU
599,617,T,THR
600,618,S,SER
601,619,E,GLU
602,620,V,VAL
603,621,S,SER
604,622,T,THR
605,623,T,THR
606,624,D,ASP
607,625,K,LYS
608,626,I,ILE
609,627,A,ALA
610,628,D,ASP
611,629,I,ILE
612,630,T,THR
613,631,I,ILE
614,632,I,ILE
615,633,I,ILE
616,634,P,PRO
617,635,Y,TYR
618,636,I,ILE
619,637,G,GLY
620,638,P,PRO
621,639,A,ALA
622,640,L,LEU
623,641,N,ASN
624,642,I,ILE
625,643,G,GLY
626,644,N,ASN
627,645,M,MET
628,646,L,LEU
629,647,Y,TYR
630,648,K,LYS
631,649,D,ASP
632,650,D,ASP
633,651,F,PHE
634,652,V,VAL
635,653,G,GLY
636,654,A,ALA
637,655,L,LEU
638,656,I,ILE
639,657,F,PHE
640,658,S,SER
641,659,G,GLY
642,660,A,ALA
643,661,V,VAL
644,662,I,ILE
645,663,L,LEU
646,664,L,LEU
647,665,E,GLU
648,666,F,PHE
649,667,I,ILE
650,668,P,PRO
651,669,E,GLU
652,670,I,ILE
653,671,A,ALA
654,672,I,ILE
655,673,P,PRO
656,674,V,VAL
657,675,L,LEU
658,676,G,GLY
659,677,T,THR
660,678,F,PHE
661,679,A,ALA
662,680,L,LEU
663,681,V,VAL
664,682,S,SER
665,683,Y,TYR
666,684,I,ILE
667,685,A,ALA
668,686,N,ASN
669,687,K,LYS
670,688,V,VAL
671,689,L,LEU
672,690,T,THR
673,691,V,VAL
674,692,Q,GLN
675,693,T,THR
676,694,I,ILE
677,695,D,ASP
678,696,N,ASN
679,697,A,ALA
680,698,L,LEU
681,699,S,SER
682,700,K,LYS
683,701,R,ARG
684,702,N,ASN
685,703,E,GLU
686,704,K,LYS
687,705,W,TRP
688,706,D,ASP
689,707,E,GLU
690,708,V,VAL
691,709,Y,TYR
692,710,K,LYS
693,711,Y,TYR
694,712,I,ILE
695,713,V,VAL
696,714,T,THR
697,715,N,ASN
698,716,W,TRP
699,717,L,LEU
700,718,A,ALA
701,719,K,LYS
702,720,V,VAL
703,721,N,ASN
704,722,T,THR
705,723,Q,GLN
706,724,I,ILE
707,725,D,ASP
708,726,L,LEU
709,727,I,ILE
710,728,R,ARG
711,729,K,LYS
712,730,K,LYS
713,731,M,MET
714,732,K,LYS
715,733,E,GLU
716,734,A,ALA
717,735,L,LEU
718,736,E,GLU
719,737,N,ASN
720,738,Q,GLN
721,739,A,ALA
722,740,E,GLU
723,741,A,ALA
724,742,T,THR
725,743,K,LYS
726,744,A,ALA
727,745,I,ILE
728,746,I,ILE
729,747,N,ASN
730,748,Y,TYR
731,749,Q,GLN
732,750,Y,TYR
733,751,N,ASN
734,752,Q,GLN
735,753,Y,TYR
736,754,T,THR
737,755,E,GLU
738,756,E,GLU
739,757,E,GLU
740,758,K,LYS
741,759,N,ASN
742,760,N,ASN
743,761,I,ILE
744,762,N,ASN
745,763,F,PHE
746,764,N,ASN
747,765,I,ILE
748,766,D,ASP
749,767,D,ASP
750,768,L,LEU
751,769,S,SER
752,770,S,SER
753,771,K,LYS
754,772,L,LEU
755,773,N,ASN
756,774,E,GLU
757,775,S,SER
758,776,I,ILE
759,777,N,ASN
760,778,K,LYS
761,779,A,ALA
762,780,M,MET
763,781,I,ILE
764,782,N,ASN
765,783,I,ILE
766,784,N,ASN
767,785,K,LYS
768,786,F,PHE
769,787,L,LEU
770,788,N,ASN
771,789,Q,GLN
772,790,C,CYS
773,791,S,SER
774,792,V,VAL
775,793,S,SER
776,794,Y,TYR
777,795,L,LEU
778,796,M,MET
779,797,N,ASN
780,798,S,SER
781,799,M,MET
782,800,I,ILE
783,801,P,PRO
784,802,Y,TYR
785,803,G,GLY
786,804,V,VAL
787,805,K,LYS
788,806,R,ARG
789,807,L,LEU
790,808,E,GLU
791,809,D,ASP
792,810,F,PHE
793,811,D,ASP
794,812,A,ALA
795,813,S,SER
796,814,L,LEU
797,815,K,LYS
798,816,D,ASP
799,817,A,ALA
800,818,L,LEU
801,819,L,LEU
802,820,K,LYS
803,821,Y,TYR
804,822,I,ILE
805,823,Y,TYR
806,824,D,ASP
807,825,N,ASN
808,826,R,ARG
809,827,G,GLY
810,828,T,THR
811,829,L,LEU
812,830,I,ILE
813,831,G,GLY
814,832,Q,GLN
815,833,V,VAL
816,834,D,ASP
817,835,R,ARG
818,836,L,LEU
819,837,K,LYS
820,838,D,ASP
821,839,K,LYS
822,840,V,VAL
823,841,N,ASN
824,842,N,ASN
825,843,T,THR
826,844,L,LEU
827,845,S,SER
828,846,T,THR
829,847,D,ASP
830,848,I,ILE
831,849,P,PRO
832,850,F,PHE
833,851,Q,GLN
834,852,L,LEU
835,853,S,SER
836,854,K,LYS
837,855,Y,TYR
838,856,V,VAL
839,857,D,ASP
840,858,N,ASN
841,859,Q,GLN
842,860,R,ARG
843,861,L,LEU
844,862,L,LEU
845,863,S,SER
846,864,T,THR
847,865,F,PHE
848,866,T,THR
849,867,E,GLU
850,868,Y,TYR
851,869,I,ILE
852,870,K,LYS
853,871,N,ASN
854,872,I,ILE
855,873,I,ILE
856,874,N,ASN
857,875,T,THR
858,876,S,SER
859,877,I,ILE
860,878,L,LEU
861,879,N,ASN
862,880,L,LEU
863,881,R,ARG
864,882,Y,TYR
865,883,E,GLU
866,884,S,SER
867,885,N,ASN
868,886,H,HIS
869,887,L,LEU
870,888,I,ILE
871,889,D,ASP
872,890,L,LEU
873,891,S,SER
874,892,R,ARG
875,893,Y,TYR
876,894,A,ALA
877,895,S,SER
878,896,K,LYS
879,897,I,ILE
880,898,N,ASN
881,899,I,ILE
882,900,G,GLY
883,901,S,SER
884,902,K,LYS
885,903,V,VAL
886,904,N,ASN
887,905,F,PHE
888,906,D,ASP
889,907,P,PRO
890,908,I,ILE
891,909,D,ASP
892,910,K,LYS
893,911,N,ASN
894,912,Q,GLN
895,913,I,ILE
896,914,Q,GLN
897,915,L,LEU
898,916,F,PHE
899,917,N,ASN
900,918,L,LEU
901,919,E,GLU
902,920,S,SER
903,921,S,SER
904,922,K,LYS
905,923,I,ILE
906,924,E,GLU
907,925,V,VAL
908,926,I,ILE
909,927,L,LEU
910,928,K,LYS
911,929,N,ASN
912,930,A,ALA
913,931,I,ILE
914,932,V,VAL
915,933,Y,TYR
916,934,N,ASN
917,935,S,SER
918,936,M,MET
919,937,Y,TYR
920,938,E,GLU
921,939,N,ASN
922,940,F,PHE
923,941,S,SER
924,942,T,THR
925,943,S,SER
926,944,F,PHE
927,945,W,TRP
928,946,I,ILE
929,947,R,ARG
930,948,I,ILE
931,949,P,PRO
932,950,K,LYS
933,951,Y,TYR
934,952,F,PHE
935,953,N,ASN
936,954,S,SER
937,955,I,ILE
938,956,S,SER
939,957,L,LEU
940,958,N,ASN
941,959,N,ASN
942,960,E,GLU
943,961,Y,TYR
944,962,T,THR
945,963,I,ILE
946,964,I,ILE
947,965,N,ASN
948,966,C,CYS
949,967,M,MET
950,968,E,GLU
951,969,N,ASN
952,970,N,ASN
953,971,S,SER
954,972,G,GLY
955,973,W,TRP
956,974,K,LYS
957,975,V,VAL
958,976,S,SER
959,977,L,LEU
960,978,N,ASN
961,979,Y,TYR
962,980,G,GLY
963,981,E,GLU
964,982,I,ILE
965,983,I,ILE
966,984,W,TRP
967,985,T,THR
968,986,L,LEU
969,987,Q,GLN
970,988,D,ASP
971,989,T,THR
972,990,Q,GLN
973,991,E,GLU
974,992,I,ILE
975,993,K,LYS
976,994,Q,GLN
977,995,R,ARG
978,996,V,VAL
979,997,V,VAL
980,998,F,PHE
981,999,K,LYS
982,1000,Y,TYR
983,1001,S,SER
984,1002,Q,GLN
985,1003,M,MET
986,1004,I,ILE
987,1005,N,ASN
988,1006,I,ILE
989,1007,S,SER
990,1008,D,ASP
991,1009,Y,TYR
992,1010,I,ILE
993,1011,N,ASN
994,1012,R,ARG
995,1013,W,TRP
996,1014,I,ILE
997,1015,F,PHE
998,1016,V,VAL
999,1017,T,THR
1000,1018,I,ILE
1001,1019,T,THR
1002,1020,N,ASN
1003,1021,N,ASN
1004,1022,R,ARG
1005,1023,L,LEU
1006,1024,N,ASN
1007,1025,N,ASN
1008,1026,S,SER
1009,1027,K,LYS
1010,1028,I,ILE
1011,1029,Y,TYR
1012,1030,I,ILE
1013,1031,N,ASN
1014,1032,G,GLY
1015,1033,R,ARG
1016,1034,L,LEU
1017,1035,I,ILE
1018,1036,D,ASP
1019,1037,Q,GLN
1020,1038,K,LYS
1021,1039,P,PRO
1022,1040,I,ILE
1023,1041,S,SER
1024,1042,N,ASN
1025,1043,L,LEU
1026,1044,G,GLY
1027,1045,N,ASN
1028,1046,I,ILE
1029,1047,H,HIS
1030,1048,A,ALA
1031,1049,S,SER
1032,1050,N,ASN
1033,1051,N,ASN
1034,1052,I,ILE
1035,1053,M,MET
1036,1054,F,PHE
1037,1055,K,LYS
1038,1056,L,LEU
1039,1057,D,ASP
1040,1058,G,GLY
1041,1059,C,CYS
1042,1060,R,ARG
1043,1061,D,ASP
1044,1062,T,THR
1045,1063,H,HIS
1046,1064,R,ARG
1047,1065,Y,TYR
1048,1066,I,ILE
1049,1067,W,TRP
1050,1068,I,ILE
1051,1069,K,LYS
1052,1070,Y,TYR
1053,1071,F,PHE
1054,1072,N,ASN
1055,1073,L,LEU
1056,1074,F,PHE
1057,1075,D,ASP
1058,1076,K,LYS
1059,1077,E,GLU
1060,1078,L,LEU
1061,1079,N,ASN
1062,1080,E,GLU
1063,1081,K,LYS
1064,1082,E,GLU
1065,1083,I,ILE
1066,1084,K,LYS
1067,1085,D,ASP
1068,1086,L,LEU
1069,1087,Y,TYR
1070,1088,D,ASP
1071,1089,N,ASN
1072,1090,Q,GLN
1073,1091,S,SER
1074,1092,N,ASN
1075,1093,S,SER
1076,1094,G,GLY
1077,1095,I,ILE
1078,1096,L,LEU
1079,1097,K,LYS
1080,1098,D,ASP
1081,1099,F,PHE
1082,1100,W,TRP
1083,1101,G,GLY
1084,1102,D,ASP
1085,1103,Y,TYR
1086,1104,L,LEU
1087,1105,Q,GLN
1088,1106,Y,TYR
1089,1107,D,ASP
1090,1108,K,LYS
1091,1109,P,PRO
1092,1110,Y,TYR
1093,1111,Y,TYR
1094,1112,M,MET
1095,1113,L,LEU
1096,1114,N,ASN
1097,1115,L,LEU
1098,1116,Y,TYR
1099,1117,D,ASP
1100,1118,P,PRO
1101,1119,N,ASN
1102,1120,K,LYS
1103,1121,Y,TYR
1104,1122,V,VAL
1105,1123,D,ASP
1106,1124,V,VAL
1107,1125,N,ASN
1108,1126,N,ASN
1109,1127,V,VAL
1110,1128,G,GLY
1111,1129,I,ILE
1112,1130,R,ARG
1113,1131,G,GLY
1114,1132,Y,TYR
1115,1133,M,MET
1116,1134,Y,TYR
1117,1135,L,LEU
1118,1136,K,LYS
1119,1137,G,GLY
1120,1138,P,PRO
1121,1139,R,ARG
1122,1140,G,GLY
1123,1141,S,SER
1124,1142,V,VAL
1125,1143,M,MET
1126,1144,T,THR
1127,1145,T,THR
1128,1146,N,ASN
1129,1147,I,ILE
1130,1148,Y,TYR
1131,1149,L,LEU
1132,1150,N,ASN
1133,1151,S,SER
1134,1152,S,SER
1135,1153,L,LEU
1136,1154,Y,TYR
1137,1155,R,ARG
1138,1156,G,GLY
1139,1157,T,THR
1140,1158,K,LYS
1141,1159,F,PHE
1142,1160,I,ILE
1143,1161,I,ILE
1144,1162,K,LYS
1145,1163,K,LYS
1146,1164,Y,TYR
1147,1165,A,ALA
1148,1166,S,SER
1149,1167,G,GLY
1150,1168,N,ASN
1151,1169,K,LYS
1152,1170,D,ASP
1153,1171,N,ASN
1154,1172,I,ILE
1155,1173,V,VAL
1156,1174,R,ARG
1157,1175,N,ASN
1158,1176,N,ASN
1159,1177,D,ASP
1160,1178,R,ARG
1161,1179,V,VAL
1162,1180,Y,TYR
1163,1181,I,ILE
1164,1182,N,ASN
1165,1183,V,VAL
1166,1184,V,VAL
1167,1185,V,VAL
1168,1186,K,LYS
1169,1187,N,ASN
1170,1188,K,LYS
1171,1189,E,GLU
1172,1190,Y,TYR
1173,1191,R,ARG
1174,1192,L,LEU
1175,1193,A,ALA
1176,1194,T,THR
1177,1195,N,ASN
1178,1196,A,ALA
1179,1197,S,SER
1180,1198,Q,GLN
1181,1199,A,ALA
1182,1200,G,GLY
1183,1201,V,VAL
1184,1202,E,GLU
1185,1203,K,LYS
1186,1204,I,ILE
1187,1205,L,LEU
1188,1206,S,SER
1189,1207,A,ALA
1190,1208,L,LEU
1191,1209,E,GLU
1192,1210,I,ILE
1193,1211,P,PRO
1194,1212,D,ASP
1195,1213,V,VAL
1196,1214,G,GLY
1197,1215,N,ASN
1198,1216,L,LEU
1199,1217,S,SER
1200,1218,Q,GLN
1201,1219,V,VAL
1202,1220,V,VAL
1203,1221,V,VAL
1204,1222,M,MET
1205,1223,K,LYS
1206,1224,S,SER
1207,1225,K,LYS
1208,1226,N,ASN
1209,1227,D,ASP
1210,1228,Q,GLN
1211,1229,G,GLY
1212,1230,I,ILE
1213,1231,T,THR
1214,1232,N,ASN
1215,1233,K,LYS
1216,1234,C,CYS
1217,1235,K,LYS
1218,1236,M,MET
1219,1237,N,ASN
1220,1238,L,LEU
1221,1239,Q,GLN
1222,1240,D,ASP
1223,1241,N,ASN
1224,1242,N,ASN
1225,1243,G,GLY
1226,1244,N,ASN
1227,1245,D,ASP
1228,1246,I,ILE
1229,1247,G,GLY
1230,1248,F,PHE
1231,1249,I,ILE
1232,1250,G,GLY
1233,1251,F,PHE
1234,1252,H,HIS
1235,1253,Q,GLN
1236,1254,F,PHE
1237,1255,N,ASN
1238,1256,N,ASN
1239,1257,I,ILE
1240,1258,A,ALA
1241,1259,K,LYS
1242,1260,L,LEU
1243,1261,V,VAL
1244,1262,A,ALA
1245,1263,S,SER
1246,1264,N,ASN
1247,1265,W,TRP
1248,1266,Y,TYR
1249,1267,N,ASN
1250,1268,R,ARG
1251,1269,Q,GLN
1252,1270,I,ILE
1253,1271,E,GLU
1254,1272,R,ARG
1255,1273,S,SER
1256,1274,S,SER
1257,1275,R,ARG
1258,1276,T,THR
1259,1277,L,LEU
1260,1278,G,GLY
1261,1279,C,CYS
1262,1280,S,SER
1263,1281,W,TRP
1264,1282,E,GLU
1265,1283,F,PHE
1266,1284,I,ILE
1267,1285,P,PRO
1268,1286,V,VAL
1269,1287,D,ASP
1270,1288,D,ASP
1271,1289,G,GLY
1272,1290,W,TRP
1273,1291,G,GLY
1274,1292,E,GLU
1275,1293,R,ARG
1276,1294,P,PRO
1277,1295,L,LEU
