1,498,D,ASP
2,499,I,ILE
3,500,S,SER
4,501,E,GLU
5,502,P,PRO
6,503,P,PRO
7,504,L,LEU
8,505,H,HIS
9,506,D,ASP
10,507,F,PHE
11,508,Y,TYR
12,509,C,CYS
13,510,S,SER
14,511,R,ARG
15,512,L,LEU
16,513,L,LEU
17,514,D,ASP
18,515,L,LEU
19,516,V,VAL
20,517,F,PHE
21,518,L,LEU
22,519,L,LEU
23,520,D,ASP
24,521,G,GLY
25,522,S,SER
26,523,S,SER
27,524,R,ARG
28,525,L,LEU
29,526,S,SER
30,527,E,GLU
31,528,A,ALA
32,529,E,GLU
33,530,F,PHE
34,531,E,GLU
35,532,V,VAL
36,533,L,LEU
37,534,K,LYS
38,535,A,ALA
39,536,F,PHE
40,537,V,VAL
41,538,V,VAL
42,539,D,ASP
43,540,M,MET
44,541,M,MET
45,542,E,GLU
46,543,R,ARG
47,544,L,LEU
48,545,R,ARG
49,546,I,ILE
50,547,S,SER
51,548,Q,GLN
52,549,K,LYS
53,550,W,TRP
54,551,V,VAL
55,552,R,ARG
56,553,V,VAL
57,554,A,ALA
58,555,V,VAL
59,556,V,VAL
60,557,E,GLU
61,558,Y,TYR
62,559,H,HIS
63,560,D,ASP
64,561,G,GLY
65,562,S,SER
66,563,H,HIS
67,564,A,ALA
68,565,Y,TYR
69,566,I,ILE
70,567,G,GLY
71,568,L,LEU
72,569,K,LYS
73,570,D,ASP
74,571,R,ARG
75,572,K,LYS
76,573,R,ARG
77,574,P,PRO
78,575,S,SER
79,576,E,GLU
80,577,L,LEU
81,578,R,ARG
82,579,R,ARG
83,580,I,ILE
84,581,A,ALA
85,582,S,SER
86,583,Q,GLN
87,584,V,VAL
88,585,K,LYS
89,586,Y,TYR
90,587,A,ALA
91,588,G,GLY
92,589,S,SER
93,590,Q,GLN
94,591,V,VAL
95,592,A,ALA
96,593,S,SER
97,594,T,THR
98,595,S,SER
99,596,E,GLU
100,597,V,VAL
101,598,L,LEU
102,599,K,LYS
103,600,Y,TYR
104,601,T,THR
105,602,L,LEU
106,603,F,PHE
107,604,Q,GLN
108,605,I,ILE
109,606,F,PHE
110,607,S,SER
111,608,K,LYS
112,609,I,ILE
113,610,D,ASP
114,611,R,ARG
115,612,P,PRO
116,613,E,GLU
117,614,A,ALA
118,615,S,SER
119,616,R,ARG
120,617,I,ILE
121,618,A,ALA
122,619,L,LEU
123,620,L,LEU
124,621,L,LEU
125,622,M,MET
126,623,A,ALA
127,624,S,SER
128,625,Q,GLN
129,626,E,GLU
130,627,P,PRO
131,628,Q,GLN
132,629,R,ARG
133,630,M,MET
134,631,S,SER
135,632,R,ARG
136,633,N,ASN
137,634,F,PHE
138,635,V,VAL
139,636,R,ARG
140,637,Y,TYR
141,638,V,VAL
142,639,Q,GLN
143,640,G,GLY
144,641,L,LEU
145,642,K,LYS
146,643,K,LYS
147,644,K,LYS
148,645,K,LYS
149,646,V,VAL
150,647,I,ILE
151,648,V,VAL
152,649,I,ILE
153,650,P,PRO
154,651,V,VAL
155,652,G,GLY
156,653,I,ILE
157,654,G,GLY
158,655,P,PRO
159,656,H,HIS
160,657,A,ALA
161,658,N,ASN
162,659,L,LEU
163,660,K,LYS
164,661,Q,GLN
165,662,I,ILE
166,663,R,ARG
167,664,L,LEU
168,665,I,ILE
169,666,E,GLU
170,667,K,LYS
171,668,Q,GLN
172,669,A,ALA
173,670,P,PRO
174,671,E,GLU
175,672,N,ASN
176,673,K,LYS
177,674,A,ALA
178,675,F,PHE
179,676,V,VAL
180,677,L,LEU
181,678,S,SER
182,679,S,SER
183,680,V,VAL
184,681,D,ASP
185,682,E,GLU
186,683,L,LEU
187,684,E,GLU
188,685,Q,GLN
189,686,Q,GLN
190,687,R,ARG
191,688,D,ASP
192,689,E,GLU
193,690,I,ILE
194,691,V,VAL
195,692,S,SER
196,693,Y,TYR
197,694,L,LEU
198,695,C,CYS
199,696,D,ASP
200,697,L,LEU
201,698,A,ALA
202,699,P,PRO
203,700,E,GLU
204,701,A,ALA
205,702,P,PRO
206,703,P,PRO
207,704,P,PRO
208,705,T,THR
