1,98,E,GLU
2,99,S,SER
3,100,C,CYS
4,101,N,ASN
5,102,G,GLY
6,103,L,LEU
7,104,Y,TYR
8,105,Y,TYR
9,106,Q,GLN
10,107,G,GLY
11,108,S,SER
12,109,C,CYS
13,110,Y,TYR
14,111,I,ILE
15,112,L,LEU
16,113,H,HIS
17,114,S,SER
18,115,D,ASP
19,116,Y,TYR
20,117,Q,GLN
21,118,M,MSE
22,119,F,PHE
23,120,S,SER
24,121,D,ASP
25,122,A,ALA
26,123,A,ALA
27,124,A,ALA
28,125,N,ASN
29,126,C,CYS
30,127,T,THR
31,128,A,ALA
32,129,E,GLU
33,130,S,SER
34,131,S,SER
35,132,T,THR
36,133,L,LEU
37,134,P,PRO
38,135,N,ASN
39,136,K,LYS
40,137,S,SER
41,138,D,ASP
42,139,V,VAL
43,140,M,MSE
44,141,I,ILE
45,142,T,THR
46,143,W,TRP
47,144,L,LEU
48,145,I,ILE
49,146,D,ASP
50,147,Y,TYR
51,148,V,VAL
52,149,E,GLU
53,150,D,ASP
54,151,T,THR
55,152,W,TRP
56,153,G,GLY
57,154,S,SER
58,155,D,ASP
59,156,G,GLY
60,157,N,ASN
61,158,P,PRO
62,159,I,ILE
63,160,T,THR
64,161,K,LYS
65,162,T,THR
66,163,T,THR
67,164,S,SER
68,165,D,ASP
69,169,S,SER
70,170,D,ASP
71,171,V,VAL
72,172,S,SER
73,173,Q,GLN
74,174,E,GLU
75,175,V,VAL
76,176,R,ARG
77,177,K,LYS
78,178,Y,TYR
79,179,F,PHE
80,180,C,CYS
81,181,V,VAL
82,182,K,LYS
83,183,T,THR
84,184,M,MSE
85,185,N,ASN
