1,1,V,VAL
2,2,P,PRO
3,3,K,LYS
4,4,V,VAL
5,5,T,THR
6,6,F,PHE
7,7,T,THR
8,8,V,VAL
9,9,E,GLU
10,10,K,LYS
11,11,G,GLY
12,12,S,SER
13,13,N,ASN
14,14,E,GLU
15,15,K,LYS
16,16,H,HIS
17,17,L,LEU
18,18,A,ALA
19,19,V,VAL
20,20,L,LEU
21,21,V,VAL
22,22,K,LYS
23,23,Y,TYR
24,24,E,GLU
25,25,G,GLY
26,26,D,ASP
27,27,T,THR
28,28,M,MET
29,29,A,ALA
30,30,E,GLU
31,31,V,VAL
32,32,E,GLU
33,33,L,LEU
34,34,R,ARG
35,35,E,GLU
36,36,H,HIS
37,37,G,GLY
38,38,S,SER
39,39,D,ASP
40,40,E,GLU
41,41,W,TRP
42,42,V,VAL
43,43,A,ALA
44,44,M,MET
45,45,T,THR
46,46,K,LYS
47,47,G,GLY
48,48,E,GLU
49,49,G,GLY
50,50,G,GLY
51,51,V,VAL
52,52,W,TRP
53,53,T,THR
54,54,F,PHE
55,55,D,ASP
56,56,S,SER
57,57,E,GLU
58,58,E,GLU
59,59,P,PRO
60,60,L,LEU
61,61,Q,GLN
62,62,G,GLY
63,63,P,PRO
64,64,F,PHE
65,65,N,ASN
66,66,F,PHE
67,67,R,ARG
68,68,F,PHE
69,69,L,LEU
70,70,T,THR
71,71,E,GLU
72,72,K,LYS
73,73,G,GLY
74,74,M,MET
75,75,K,LYS
76,76,N,ASN
77,77,V,VAL
78,78,F,PHE
79,79,D,ASP
80,80,D,ASP
81,81,V,VAL
82,82,V,VAL
83,83,P,PRO
84,84,E,GLU
85,85,K,LYS
86,86,Y,TYR
87,87,T,THR
88,88,I,ILE
89,89,G,GLY
90,90,A,ALA
91,91,T,THR
92,92,Y,TYR
93,93,A,ALA
94,94,P,PRO
